Length(mm),Welding Current (avg) (A),Welding Voltage (avg) (V),Welding Gas Usage (l),Electricity Usage (W),Welding Cycle Time
21.00,109.99,12.30,0.09,0.00,0.28
21.00,88.99,10.20,0.08,0.00,0.28
49.00,81.00,10.20,0.11,0.00,0.34
32.00,111.99,13.90,0.11,0.00,0.36
32.00,97.49,11.75,0.18,0.00,0.56
21.00,102.49,11.90,0.17,0.00,0.58
32.00,107.99,11.30,0.39,0.00,1.23
32.00,89.99,10.90,0.41,0.00,1.30
21.00,102.74,10.48,0.43,0.00,1.39
32.00,106.74,11.78,0.44,0.00,1.42
21.00,92.74,12.20,0.43,0.00,1.47
21.00,104.25,13.43,0.41,0.00,1.49
32.00,107.39,11.22,0.45,0.00,1.49
21.00,99.59,13.86,0.37,0.00,1.50
26.00,105.39,11.24,0.46,0.00,1.50
21.00,97.74,13.78,0.39,0.00,1.52
21.00,97.19,14.20,0.41,0.00,1.52
21.00,108.49,12.20,0.40,0.00,1.53
21.00,106.99,12.40,0.41,0.00,1.53
21.00,97.99,13.68,0.40,0.00,1.55
21.00,101.59,13.22,0.41,0.00,1.56
21.00,99.99,13.65,0.40,0.00,1.56
21.00,96.74,14.75,0.40,0.00,1.56
21.00,104.49,14.33,0.42,0.00,1.56
21.00,106.19,12.54,0.40,0.00,1.58
21.00,101.79,13.76,0.40,0.00,1.58
21.00,104.24,13.38,0.42,0.00,1.59
21.00,98.59,14.50,0.42,0.00,1.61
21.00,95.39,14.46,0.38,0.00,1.63
21.00,100.49,13.43,0.42,0.00,1.64
21.00,99.79,13.70,0.41,0.00,1.64
21.00,96.24,14.20,0.42,0.00,1.64
21.00,107.79,12.64,0.42,0.00,1.66
21.00,93.80,14.86,0.43,0.00,1.66
21.00,104.39,13.18,0.42,0.00,1.66
21.00,95.49,15.68,0.44,0.00,1.66
21.00,100.99,13.42,0.45,0.00,1.67
21.00,103.39,13.08,0.43,0.00,1.69
21.00,98.74,14.25,0.42,0.00,1.69
21.00,95.74,14.35,0.40,0.00,1.69
21.00,102.74,13.40,0.42,0.00,1.70
21.00,99.79,13.24,0.43,0.00,1.70
21.00,101.00,13.88,0.46,0.00,1.72
21.00,103.74,12.65,0.45,0.00,1.72
21.00,96.24,14.78,0.44,0.00,1.72
21.00,97.24,13.83,0.40,0.00,1.73
21.00,103.50,14.10,0.46,0.00,1.73
21.00,99.33,13.43,0.49,0.00,1.75
21.00,111.79,13.84,0.45,0.00,1.75
21.00,94.99,14.88,0.46,0.00,1.75
21.00,101.16,13.72,0.46,0.00,1.77
21.00,105.49,13.90,0.45,0.00,1.77
21.00,98.49,14.50,0.43,0.00,1.77
21.00,99.39,12.80,0.46,0.00,1.78
21.00,103.00,13.02,0.45,0.00,1.78
21.00,105.24,13.25,0.45,0.00,1.78
21.00,94.59,15.40,0.45,0.00,1.78
21.00,108.83,10.73,0.53,0.00,1.78
21.00,107.39,12.94,0.46,0.00,1.80
21.00,110.19,12.68,0.44,0.00,1.80
21.00,94.59,14.64,0.46,0.00,1.80
21.00,106.99,12.20,0.42,0.00,1.81
21.00,96.40,14.80,0.48,0.00,1.81
21.00,120.79,12.70,0.47,0.00,1.81
21.00,99.39,14.16,0.45,0.00,1.81
21.00,103.74,13.28,0.46,0.00,1.81
21.00,122.59,13.24,0.48,0.00,1.81
21.00,99.79,13.74,0.43,0.00,1.83
21.00,98.79,13.68,0.45,0.00,1.83
21.00,93.00,15.28,0.44,0.00,1.83
21.00,108.59,12.72,0.44,0.00,1.84
21.00,107.99,12.30,0.45,0.00,1.84
21.00,106.19,12.70,0.47,0.00,1.84
21.00,97.99,14.74,0.48,0.00,1.84
21.00,104.59,13.54,0.47,0.00,1.84
21.00,98.20,14.80,0.50,0.00,1.86
21.00,106.79,12.22,0.48,0.00,1.86
21.00,96.20,14.82,0.49,0.00,1.86
21.00,99.39,13.56,0.45,0.00,1.88
21.00,114.20,13.16,0.46,0.00,1.88
21.00,110.32,13.68,0.49,0.00,1.88
21.00,105.24,12.33,0.45,0.00,1.89
21.00,104.99,12.48,0.47,0.00,1.89
21.00,107.50,12.35,0.45,0.00,1.89
21.00,104.83,10.83,0.58,0.00,1.89
21.00,97.19,14.52,0.49,0.00,1.89
21.00,119.99,12.22,0.48,0.00,1.89
21.00,104.79,13.86,0.51,0.00,1.89
21.00,98.20,14.84,0.49,0.00,1.89
21.00,107.59,12.24,0.49,0.00,1.91
21.00,99.39,13.42,0.48,0.00,1.91
21.00,107.49,12.15,0.48,0.00,1.91
21.00,106.49,12.20,0.45,0.00,1.91
21.00,103.99,12.58,0.44,0.00,1.91
21.00,106.59,12.42,0.49,0.00,1.91
21.00,104.00,13.03,0.48,0.00,1.91
21.00,96.39,14.76,0.50,0.00,1.91
21.00,101.83,13.78,0.51,0.00,1.91
21.00,103.19,13.46,0.49,0.00,1.91
21.00,98.39,14.12,0.48,0.00,1.91
21.00,97.79,13.92,0.45,0.00,1.92
21.00,107.24,12.10,0.47,0.00,1.92
21.00,117.33,12.65,0.51,0.00,1.92
21.00,103.99,13.40,0.50,0.00,1.92
21.00,103.59,13.34,0.51,0.00,1.92
21.00,97.99,14.56,0.51,0.00,1.92
21.00,96.79,14.26,0.49,0.00,1.92
21.00,121.60,12.50,0.51,0.00,1.92
21.00,107.16,12.55,0.52,0.00,1.94
21.00,108.19,12.68,0.51,0.00,1.94
21.00,99.49,13.73,0.45,0.00,1.94
21.00,108.20,12.58,0.47,0.00,1.94
21.00,121.33,12.33,0.49,0.00,1.95
21.00,94.19,15.02,0.52,0.00,1.95
21.00,94.49,14.65,0.47,0.00,1.95
21.00,103.79,12.76,0.47,0.00,1.95
21.00,100.99,13.65,0.51,0.00,1.95
21.00,117.16,13.03,0.49,0.00,1.97
21.00,98.19,13.78,0.48,0.00,1.97
21.00,94.79,14.72,0.48,0.00,1.97
21.00,100.19,13.92,0.50,0.00,1.98
21.00,103.19,13.06,0.50,0.00,1.98
21.00,103.79,12.98,0.49,0.00,1.98
21.00,109.66,12.65,0.53,0.00,1.98
21.00,109.19,12.56,0.49,0.00,1.99
21.00,109.19,12.52,0.50,0.00,1.99
21.00,96.80,14.46,0.52,0.00,1.99
21.00,107.99,12.55,0.49,0.00,2.00
21.00,98.24,13.93,0.49,0.00,2.00
21.00,108.59,12.74,0.53,0.00,2.00
21.00,119.79,12.10,0.52,0.00,2.00
21.00,103.40,12.70,0.54,0.00,2.00
21.00,94.59,14.42,0.52,0.00,2.00
21.00,97.40,14.28,0.53,0.00,2.00
21.00,93.19,15.38,0.47,0.00,2.02
21.00,104.99,12.80,0.48,0.00,2.02
21.00,96.00,14.34,0.54,0.00,2.02
21.00,98.20,14.08,0.51,0.00,2.02
21.00,97.39,14.40,0.53,0.00,2.02
21.00,102.14,13.79,0.54,0.00,2.02
21.00,107.00,11.95,0.48,0.00,2.02
21.00,107.24,12.00,0.48,0.00,2.02
21.00,102.66,13.08,0.52,0.00,2.02
21.00,94.74,14.90,0.50,0.00,2.03
21.00,122.39,12.88,0.50,0.00,2.03
21.00,117.79,13.08,0.51,0.00,2.03
21.00,96.59,13.52,0.51,0.00,2.03
21.00,114.99,13.28,0.52,0.00,2.03
21.00,109.33,14.03,0.49,0.00,2.03
21.00,102.33,14.15,0.55,0.00,2.03
21.00,104.79,12.70,0.51,0.00,2.03
21.00,117.39,12.86,0.52,0.00,2.03
21.00,121.79,12.14,0.47,0.00,2.03
21.00,115.80,12.84,0.49,0.00,2.05
21.00,98.39,13.88,0.52,0.00,2.05
21.00,101.39,13.72,0.53,0.00,2.06
21.00,106.67,12.23,0.56,0.00,2.06
21.00,108.33,14.70,0.51,0.00,2.06
21.00,98.24,13.73,0.50,0.00,2.08
21.00,114.25,13.03,0.50,0.00,2.08
21.00,103.20,12.44,0.53,0.00,2.08
21.00,114.39,12.92,0.51,0.00,2.08
21.00,108.39,13.00,0.51,0.00,2.08
21.00,116.42,13.07,0.54,0.00,2.08
21.00,101.59,13.20,0.51,0.00,2.08
21.00,119.19,12.92,0.53,0.00,2.09
21.00,94.99,14.10,0.55,0.00,2.09
21.00,96.99,13.60,0.53,0.00,2.09
21.00,121.19,12.48,0.53,0.00,2.09
21.00,104.99,13.38,0.54,0.00,2.09
21.00,102.14,13.94,0.59,0.00,2.09
21.00,111.82,12.93,0.51,0.00,2.09
21.00,103.79,13.36,0.55,0.00,2.11
21.00,113.99,14.28,0.52,0.00,2.11
21.00,110.66,13.20,0.52,0.00,2.11
21.00,108.39,12.72,0.52,0.00,2.11
21.00,105.79,12.42,0.53,0.00,2.13
21.00,101.99,13.20,0.49,0.00,2.13
21.00,119.82,12.85,0.55,0.00,2.13
21.00,95.19,15.14,0.52,0.00,2.13
21.00,104.24,13.53,0.51,0.00,2.13
21.00,99.39,13.78,0.52,0.00,2.14
21.00,121.83,13.07,0.55,0.00,2.14
21.00,103.66,12.94,0.55,0.00,2.14
21.00,120.74,12.25,0.55,0.00,2.14
21.00,116.00,12.93,0.54,0.00,2.14
21.00,100.66,13.72,0.57,0.00,2.14
21.00,104.49,13.65,0.51,0.00,2.14
21.00,102.33,12.87,0.56,0.00,2.14
21.00,107.59,12.36,0.57,0.00,2.14
21.00,116.59,12.66,0.51,0.00,2.16
21.00,111.83,12.90,0.55,0.00,2.16
21.00,97.59,14.30,0.53,0.00,2.16
21.00,120.39,12.18,0.52,0.00,2.16
21.00,111.16,12.85,0.57,0.00,2.17
21.00,109.66,12.37,0.56,0.00,2.17
21.00,98.16,13.58,0.57,0.00,2.17
21.00,106.19,13.10,0.52,0.00,2.17
21.00,96.16,14.23,0.57,0.00,2.17
21.00,107.83,13.82,0.52,0.00,2.17
21.00,98.99,14.78,0.55,0.00,2.17
21.00,107.49,12.28,0.53,0.00,2.19
21.00,103.16,13.07,0.59,0.00,2.19
21.00,114.19,13.40,0.52,0.00,2.19
21.00,102.66,13.50,0.56,0.00,2.19
21.00,101.39,13.48,0.56,0.00,2.19
21.00,94.99,14.29,0.58,0.00,2.19
21.00,121.79,12.64,0.57,0.00,2.19
21.00,98.66,14.98,0.59,0.00,2.19
21.00,95.66,12.83,0.58,0.00,2.19
21.00,115.99,12.87,0.57,0.00,2.20
21.00,102.99,12.77,0.57,0.00,2.20
21.00,103.49,12.75,0.57,0.00,2.20
21.00,99.19,14.18,0.57,0.00,2.22
21.00,121.66,11.97,0.59,0.00,2.22
21.00,96.49,14.10,0.60,0.00,2.22
21.00,92.99,15.15,0.55,0.00,2.22
21.00,108.83,13.03,0.56,0.00,2.22
21.00,101.79,14.30,0.56,0.00,2.23
21.00,109.39,12.52,0.57,0.00,2.23
21.00,99.16,13.45,0.57,0.00,2.23
21.00,99.66,13.59,0.57,0.00,2.23
21.00,100.79,14.17,0.56,0.00,2.23
21.00,113.19,13.78,0.51,0.00,2.24
21.00,106.33,12.03,0.58,0.00,2.25
21.00,99.50,13.53,0.59,0.00,2.25
21.00,102.66,12.85,0.60,0.00,2.25
21.00,109.24,13.02,0.56,0.00,2.25
21.00,118.49,12.45,0.56,0.00,2.25
21.00,111.39,13.40,0.55,0.00,2.25
21.00,121.80,12.70,0.56,0.00,2.25
21.00,115.33,13.52,0.55,0.00,2.25
21.00,103.00,13.54,0.56,0.00,2.25
21.00,95.50,13.45,0.60,0.00,2.25
21.00,100.59,13.70,0.55,0.00,2.27
21.00,116.16,13.40,0.57,0.00,2.27
21.00,114.20,13.70,0.55,0.00,2.27
21.00,122.99,12.28,0.58,0.00,2.28
21.00,115.13,12.71,0.58,0.00,2.28
21.00,103.12,11.22,0.63,0.00,2.30
21.00,112.99,13.27,0.59,0.00,2.30
21.00,107.39,13.12,0.60,0.00,2.31
21.00,105.79,12.54,0.62,0.00,2.31
21.00,106.19,13.42,0.57,0.00,2.31
21.00,97.49,14.60,0.57,0.00,2.31
21.00,98.85,14.01,0.59,0.00,2.33
21.00,114.79,13.28,0.57,0.00,2.33
21.00,107.79,12.32,0.60,0.00,2.33
21.00,100.33,14.07,0.60,0.00,2.33
21.00,101.85,11.33,0.62,0.00,2.34
21.00,102.16,14.44,0.58,0.00,2.34
21.00,105.83,11.50,0.64,0.00,2.34
21.00,96.85,14.26,0.63,0.00,2.34
21.00,94.85,14.46,0.62,0.00,2.36
21.00,118.17,13.58,0.57,0.00,2.36
21.00,107.33,12.28,0.62,0.00,2.38
21.00,100.79,13.68,0.63,0.00,2.38
21.00,121.19,13.34,0.59,0.00,2.38
21.00,111.16,12.53,0.57,0.00,2.39
21.00,98.83,13.77,0.59,0.00,2.39
21.00,106.16,12.92,0.59,0.00,2.39
21.00,109.79,12.44,0.57,0.00,2.41
21.00,106.33,11.35,0.67,0.00,2.42
21.00,98.99,14.07,0.61,0.00,2.42
21.00,110.66,12.65,0.58,0.00,2.42
21.00,101.85,11.19,0.64,0.00,2.44
21.00,117.49,13.20,0.61,0.00,2.44
21.00,101.13,13.27,0.63,0.00,2.45
26.00,109.87,11.89,0.73,0.00,2.47
21.00,100.99,13.80,0.64,0.00,2.47
21.00,89.83,13.98,0.66,0.00,2.47
21.00,103.49,13.42,0.62,0.00,2.47
32.00,108.36,11.84,0.77,0.00,2.47
21.00,99.66,13.38,0.64,0.00,2.48
21.00,99.99,14.72,0.61,0.00,2.48
26.00,103.62,11.39,0.73,0.00,2.49
21.00,108.85,12.51,0.64,0.00,2.49
21.00,105.99,10.84,0.68,0.00,2.50
21.00,102.50,12.78,0.68,0.00,2.50
49.00,95.42,11.43,0.75,0.00,2.50
21.00,104.66,13.48,0.62,0.00,2.50
21.00,106.42,11.46,0.68,0.00,2.52
21.00,95.99,10.79,0.69,0.00,2.52
21.00,105.56,11.59,0.65,0.00,2.52
21.00,99.49,13.53,0.61,0.00,2.52
21.00,97.33,13.67,0.68,0.00,2.52
21.00,104.74,12.92,0.68,0.00,2.53
21.00,106.49,10.95,0.67,0.00,2.53
21.00,102.42,11.41,0.66,0.00,2.53
21.00,104.25,11.85,0.68,0.00,2.55
21.00,105.85,13.34,0.62,0.00,2.56
21.00,106.85,11.36,0.67,0.00,2.56
21.00,99.71,11.23,0.70,0.00,2.56
21.00,104.42,11.99,0.67,0.00,2.58
21.00,100.00,11.15,0.70,0.00,2.58
21.00,104.85,11.79,0.66,0.00,2.58
21.00,94.28,11.29,0.65,0.00,2.58
21.00,105.57,11.74,0.65,0.00,2.58
21.00,100.99,11.18,0.69,0.00,2.58
21.00,99.85,11.06,0.69,0.00,2.58
21.00,100.87,13.09,0.71,0.00,2.58
21.00,106.56,11.04,0.67,0.00,2.58
21.00,107.28,12.03,0.69,0.00,2.58
21.00,111.74,10.49,0.74,0.00,2.59
21.00,102.28,11.27,0.66,0.00,2.59
21.00,100.42,11.69,0.67,0.00,2.59
21.00,100.42,11.00,0.68,0.00,2.59
21.00,103.49,11.88,0.65,0.00,2.59
21.00,105.71,12.53,0.63,0.00,2.59
21.00,95.37,10.73,0.70,0.00,2.59
21.00,99.99,11.14,0.67,0.00,2.61
21.00,103.75,12.12,0.70,0.00,2.61
21.00,99.56,11.06,0.69,0.00,2.61
21.00,102.42,11.34,0.72,0.00,2.61
21.00,112.56,10.80,0.74,0.00,2.63
21.00,105.99,11.59,0.65,0.00,2.63
21.00,106.33,11.45,0.64,0.00,2.63
26.00,106.56,12.67,0.72,0.00,2.63
26.00,99.75,11.37,0.80,0.00,2.63
21.00,104.24,12.27,0.77,0.00,2.64
21.00,99.57,12.24,0.73,0.00,2.64
21.00,101.42,11.14,0.71,0.00,2.64
21.00,100.62,11.15,0.71,0.00,2.64
21.00,99.28,11.23,0.70,0.00,2.64
21.00,105.66,11.62,0.71,0.00,2.64
21.00,100.37,11.13,0.73,0.00,2.64
21.00,106.66,11.08,0.70,0.00,2.66
21.00,103.33,11.90,0.68,0.00,2.66
21.00,92.24,10.90,0.68,0.00,2.66
21.00,89.99,10.08,0.71,0.00,2.66
21.00,106.12,11.75,0.69,0.00,2.66
21.00,106.57,11.26,0.69,0.00,2.66
21.00,93.99,10.60,0.70,0.00,2.66
21.00,109.56,10.31,0.77,0.00,2.67
21.00,102.12,12.40,0.79,0.00,2.67
21.00,103.37,12.44,0.72,0.00,2.67
21.00,106.56,11.50,0.72,0.00,2.67
21.00,101.42,11.23,0.69,0.00,2.67
21.00,101.85,11.70,0.68,0.00,2.69
21.00,106.14,12.48,0.70,0.00,2.69
26.00,106.13,12.46,0.75,0.00,2.69
21.00,88.44,10.26,0.73,0.00,2.69
21.00,109.42,10.43,0.78,0.00,2.70
21.00,106.56,12.20,0.79,0.00,2.70
21.00,102.74,12.50,0.74,0.00,2.70
21.00,99.49,11.25,0.70,0.00,2.70
21.00,106.00,11.57,0.66,0.00,2.70
21.00,94.10,10.75,0.73,0.00,2.70
26.00,108.55,12.83,0.74,0.00,2.70
21.00,101.56,11.18,0.69,0.00,2.72
21.00,107.28,11.27,0.76,0.00,2.72
26.00,105.42,11.44,0.76,0.00,2.72
26.00,107.49,12.39,0.75,0.00,2.72
21.00,103.56,11.79,0.73,0.00,2.72
26.00,108.22,12.34,0.74,0.00,2.72
21.00,91.74,11.09,0.74,0.00,2.72
21.00,100.42,11.46,0.68,0.00,2.73
21.00,100.14,12.86,0.71,0.00,2.73
21.00,113.12,10.63,0.76,0.00,2.74
21.00,108.70,11.83,0.74,0.00,2.74
21.00,101.71,11.06,0.78,0.00,2.75
21.00,109.99,10.35,0.80,0.00,2.75
21.00,103.12,11.20,0.79,0.00,2.75
21.00,104.16,12.34,0.72,0.00,2.75
21.00,100.12,13.05,0.74,0.00,2.75
21.00,102.99,11.53,0.72,0.00,2.75
21.00,105.85,13.14,0.71,0.00,2.75
26.00,103.88,12.40,0.80,0.00,2.75
21.00,88.61,10.39,0.69,0.00,2.75
21.00,104.99,11.94,0.70,0.00,2.77
21.00,106.75,12.20,0.68,0.00,2.77
21.00,107.14,12.42,0.75,0.00,2.77
21.00,104.00,11.57,0.73,0.00,2.77
21.00,107.56,11.03,0.74,0.00,2.77
26.00,111.99,11.68,0.76,0.00,2.77
26.00,111.99,12.20,0.77,0.00,2.77
26.00,107.86,12.72,0.74,0.00,2.77
21.00,88.99,10.76,0.72,0.00,2.77
21.00,105.37,11.29,0.76,0.00,2.78
21.00,103.25,12.81,0.80,0.00,2.78
21.00,97.24,13.09,0.76,0.00,2.78
21.00,95.12,11.16,0.70,0.00,2.78
21.00,100.14,11.57,0.71,0.00,2.78
21.00,94.80,11.99,0.78,0.00,2.78
21.00,113.13,10.61,0.77,0.00,2.78
21.00,101.62,11.20,0.71,0.00,2.78
21.00,105.99,11.70,0.78,0.00,2.78
21.00,104.85,11.41,0.78,0.00,2.80
21.00,96.49,12.26,0.75,0.00,2.80
21.00,100.85,12.10,0.74,0.00,2.80
21.00,106.74,12.64,0.75,0.00,2.80
21.00,102.56,11.20,0.76,0.00,2.80
21.00,104.14,11.71,0.70,0.00,2.80
26.00,107.99,12.39,0.74,0.00,2.80
26.00,105.33,12.48,0.83,0.00,2.80
21.00,88.99,10.71,0.75,0.00,2.80
21.00,109.49,10.42,0.79,0.00,2.81
21.00,98.62,12.94,0.77,0.00,2.81
21.00,100.14,13.31,0.74,0.00,2.81
21.00,95.37,11.19,0.71,0.00,2.81
21.00,108.49,11.00,0.80,0.00,2.81
21.00,104.62,11.81,0.79,0.00,2.81
21.00,102.75,11.84,0.72,0.00,2.81
21.00,106.87,10.96,0.76,0.00,2.81
21.00,91.37,10.24,0.73,0.00,2.81
21.00,105.36,11.06,0.80,0.00,2.83
21.00,104.12,11.82,0.80,0.00,2.83
21.00,102.16,13.12,0.71,0.00,2.83
21.00,100.85,11.54,0.76,0.00,2.83
21.00,95.12,10.91,0.70,0.00,2.83
26.00,108.87,12.15,0.81,0.00,2.83
21.00,98.24,10.96,0.70,0.00,2.83
21.00,90.70,10.20,0.73,0.00,2.83
21.00,90.87,10.48,0.72,0.00,2.83
21.00,93.86,11.04,0.76,0.00,2.83
21.00,95.88,11.22,0.75,0.00,2.83
21.00,98.74,11.10,0.82,0.00,2.83
21.00,102.71,11.23,0.71,0.00,2.84
26.00,108.49,12.45,0.75,0.00,2.84
21.00,95.87,11.29,0.73,0.00,2.84
21.00,101.87,11.13,0.81,0.00,2.84
21.00,109.87,10.66,0.82,0.00,2.84
21.00,103.49,12.51,0.81,0.00,2.84
21.00,109.21,11.22,0.81,0.00,2.84
21.00,106.37,10.81,0.84,0.00,2.84
21.00,102.62,11.44,0.75,0.00,2.84
21.00,107.13,11.26,0.74,0.00,2.84
26.00,106.87,12.46,0.80,0.00,2.84
26.00,105.10,12.84,0.76,0.00,2.84
32.00,112.49,13.99,0.84,0.00,2.84
21.00,93.85,12.09,0.70,0.00,2.84
21.00,104.87,10.93,0.77,0.00,2.86
21.00,104.33,11.21,0.81,0.00,2.86
21.00,107.86,11.74,0.81,0.00,2.86
21.00,101.50,11.64,0.81,0.00,2.86
21.00,101.55,11.51,0.83,0.00,2.86
21.00,100.75,12.16,0.76,0.00,2.86
21.00,102.87,12.62,0.75,0.00,2.86
21.00,95.85,12.55,0.71,0.00,2.86
21.00,105.49,11.34,0.80,0.00,2.86
21.00,104.49,11.29,0.82,0.00,2.86
21.00,106.61,11.62,0.79,0.00,2.86
21.00,101.42,13.30,0.76,0.00,2.86
26.00,109.12,12.26,0.79,0.00,2.86
26.00,102.22,12.80,0.79,0.00,2.86
26.00,105.42,12.43,0.85,0.00,2.86
32.00,109.62,14.46,0.83,0.00,2.86
21.00,96.71,10.73,0.74,0.00,2.86
21.00,104.99,11.19,0.83,0.00,2.88
21.00,104.99,11.01,0.81,0.00,2.88
21.00,105.87,11.38,0.81,0.00,2.88
21.00,104.55,11.85,0.84,0.00,2.88
21.00,107.25,11.34,0.78,0.00,2.88
21.00,103.12,12.08,0.78,0.00,2.88
21.00,100.32,12.04,0.76,0.00,2.88
21.00,99.70,13.64,0.74,0.00,2.88
21.00,106.85,12.50,0.79,0.00,2.88
21.00,102.12,12.31,0.75,0.00,2.88
21.00,85.71,10.43,0.72,0.00,2.88
21.00,105.87,11.75,0.74,0.00,2.88
21.00,105.62,11.21,0.81,0.00,2.89
21.00,105.74,11.71,0.80,0.00,2.89
21.00,102.87,11.22,0.84,0.00,2.89
21.00,103.62,11.57,0.81,0.00,2.89
21.00,106.85,11.49,0.76,0.00,2.89
21.00,106.87,11.41,0.76,0.00,2.89
21.00,107.74,11.50,0.79,0.00,2.89
21.00,109.99,10.54,0.83,0.00,2.89
21.00,94.49,11.75,0.81,0.00,2.89
21.00,104.49,11.78,0.81,0.00,2.89
26.00,110.99,11.44,0.76,0.00,2.89
26.00,107.28,12.44,0.76,0.00,2.89
26.00,108.24,12.31,0.79,0.00,2.89
21.00,91.54,10.45,0.76,0.00,2.89
21.00,90.11,10.23,0.72,0.00,2.89
21.00,95.32,11.02,0.74,0.00,2.89
21.00,96.62,11.14,0.69,0.00,2.89
21.00,96.24,10.84,0.72,0.00,2.89
21.00,92.85,12.06,0.72,0.00,2.89
21.00,102.44,12.29,0.81,0.00,2.91
21.00,102.88,12.43,0.83,0.00,2.91
21.00,106.49,11.54,0.83,0.00,2.91
21.00,107.74,11.57,0.81,0.00,2.91
21.00,106.85,11.79,0.75,0.00,2.91
21.00,104.37,12.04,0.76,0.00,2.91
32.00,109.87,12.89,0.86,0.00,2.91
21.00,96.61,12.43,0.75,0.00,2.91
21.00,92.99,11.50,0.74,0.00,2.91
21.00,92.24,10.81,0.75,0.00,2.91
21.00,94.99,10.66,0.78,0.00,2.91
21.00,95.99,11.05,0.75,0.00,2.91
21.00,113.24,10.63,0.78,0.00,2.91
21.00,105.12,11.79,0.84,0.00,2.91
21.00,107.42,11.06,0.80,0.00,2.91
21.00,110.99,11.20,0.83,0.00,2.92
21.00,101.74,12.82,0.78,0.00,2.92
21.00,106.62,12.16,0.76,0.00,2.92
21.00,104.99,10.30,0.85,0.00,2.92
21.00,103.55,11.64,0.85,0.00,2.92
21.00,105.21,11.30,0.83,0.00,2.92
21.00,106.49,12.11,0.82,0.00,2.92
21.00,104.99,12.13,0.85,0.00,2.92
21.00,102.24,10.94,0.85,0.00,2.92
21.00,96.33,13.39,0.80,0.00,2.92
21.00,103.10,12.61,0.78,0.00,2.92
21.00,105.00,12.17,0.78,0.00,2.92
21.00,93.99,13.54,0.75,0.00,2.92
21.00,107.00,12.65,0.77,0.00,2.92
21.00,100.74,12.79,0.81,0.00,2.92
26.00,111.49,11.61,0.81,0.00,2.92
26.00,108.49,12.39,0.79,0.00,2.92
26.00,110.99,11.40,0.81,0.00,2.92
26.00,106.99,11.69,0.84,0.00,2.92
32.00,112.86,12.81,0.87,0.00,2.92
21.00,93.86,12.15,0.74,0.00,2.92
21.00,105.62,11.15,0.84,0.00,2.94
21.00,110.37,10.53,0.82,0.00,2.94
21.00,97.99,11.80,0.84,0.00,2.94
21.00,104.99,12.03,0.85,0.00,2.94
21.00,103.12,13.14,0.76,0.00,2.94
21.00,106.14,12.04,0.75,0.00,2.94
21.00,102.87,11.25,0.72,0.00,2.94
21.00,101.00,11.91,0.76,0.00,2.94
26.00,107.77,12.19,0.82,0.00,2.94
32.00,108.61,15.81,0.85,0.00,2.94
21.00,93.10,10.99,0.74,0.00,2.94
21.00,91.12,10.61,0.72,0.00,2.94
21.00,107.49,10.93,0.87,0.00,2.94
21.00,104.87,11.95,0.73,0.00,2.94
21.00,104.50,11.78,0.75,0.00,2.94
26.00,107.49,12.36,0.81,0.00,2.94
26.00,111.84,11.54,0.80,0.00,2.94
26.00,103.74,12.79,0.79,0.00,2.94
32.00,110.21,13.47,0.87,0.00,2.94
21.00,91.86,10.54,0.75,0.00,2.94
21.00,101.62,11.94,0.80,0.00,2.95
21.00,103.88,11.14,0.81,0.00,2.95
21.00,100.62,11.55,0.86,0.00,2.95
21.00,97.11,12.70,0.75,0.00,2.95
26.00,98.77,12.16,0.83,0.00,2.95
32.00,112.99,13.67,0.76,0.00,2.95
32.00,112.88,13.50,0.87,0.00,2.95
21.00,95.99,11.03,0.74,0.00,2.95
21.00,103.28,11.39,0.84,0.00,2.95
21.00,102.87,12.85,0.85,0.00,2.97
21.00,100.21,12.57,0.84,0.00,2.97
21.00,91.37,10.59,0.77,0.00,2.97
21.00,103.00,11.43,0.86,0.00,2.97
21.00,96.77,10.82,0.87,0.00,2.97
21.00,103.66,11.34,0.80,0.00,2.97
21.00,111.74,11.00,0.84,0.00,2.97
21.00,100.49,11.76,0.84,0.00,2.97
21.00,104.74,11.75,0.79,0.00,2.97
21.00,100.87,11.54,0.77,0.00,2.97
21.00,100.37,11.10,0.76,0.00,2.97
21.00,101.49,12.59,0.82,0.00,2.97
26.00,111.74,11.56,0.79,0.00,2.97
26.00,111.86,11.57,0.85,0.00,2.97
32.00,109.87,12.00,0.88,0.00,2.97
32.00,110.22,13.00,0.88,0.00,2.98
21.00,103.22,10.94,0.86,0.00,2.98
21.00,112.99,10.46,0.82,0.00,2.98
21.00,105.24,11.92,0.85,0.00,2.98
21.00,102.75,12.03,0.86,0.00,2.98
21.00,106.32,11.84,0.86,0.00,2.98
21.00,105.66,11.97,0.84,0.00,2.98
21.00,103.10,10.79,0.85,0.00,2.98
21.00,105.50,11.64,0.78,0.00,2.98
21.00,105.88,12.16,0.78,0.00,2.98
21.00,107.28,11.48,0.78,0.00,2.98
21.00,106.50,11.00,0.77,0.00,2.98
49.00,95.53,11.94,0.94,0.00,2.98
26.00,111.70,11.44,0.81,0.00,2.98
21.00,99.24,11.29,0.84,0.00,2.99
21.00,106.22,11.19,0.83,0.00,2.99
21.00,100.37,11.84,0.82,0.00,2.99
21.00,101.77,11.55,0.85,0.00,2.99
21.00,105.10,12.77,0.83,0.00,2.99
21.00,103.32,12.65,0.86,0.00,2.99
21.00,106.36,11.69,0.83,0.00,2.99
21.00,105.99,11.00,0.85,0.00,2.99
21.00,100.88,11.57,0.88,0.00,2.99
21.00,104.62,11.86,0.77,0.00,2.99
21.00,90.32,10.68,0.77,0.00,2.99
21.00,108.87,11.38,0.82,0.00,3.00
21.00,103.69,9.80,0.85,0.00,3.00
21.00,100.37,11.61,0.85,0.00,3.00
21.00,104.66,11.71,0.85,0.00,3.00
21.00,102.62,11.99,0.84,0.00,3.00
21.00,103.32,12.03,0.83,0.00,3.00
26.00,107.61,12.50,0.82,0.00,3.00
26.00,107.62,12.44,0.83,0.00,3.00
26.00,110.61,11.26,0.83,0.00,3.00
26.00,106.24,11.54,0.83,0.00,3.00
26.00,108.44,12.28,0.80,0.00,3.00
26.00,111.61,11.60,0.82,0.00,3.00
21.00,102.49,12.18,0.78,0.00,3.00
21.00,101.77,11.82,0.85,0.00,3.02
21.00,101.77,13.33,0.80,0.00,3.02
21.00,106.25,11.41,0.84,0.00,3.02
21.00,105.87,11.44,0.77,0.00,3.02
26.00,108.74,12.27,0.78,0.00,3.02
26.00,108.87,12.52,0.82,0.00,3.02
21.00,90.87,10.28,0.81,0.00,3.02
21.00,106.22,10.83,0.88,0.00,3.02
21.00,97.99,11.95,0.86,0.00,3.02
21.00,108.00,10.78,0.88,0.00,3.02
21.00,98.99,11.20,0.85,0.00,3.02
21.00,101.42,12.67,0.88,0.00,3.02
21.00,108.33,10.92,0.87,0.00,3.02
21.00,107.62,12.07,0.83,0.00,3.02
21.00,105.12,11.64,0.77,0.00,3.02
21.00,107.57,12.14,0.80,0.00,3.02
21.00,106.99,12.10,0.79,0.00,3.02
32.00,109.74,11.44,0.89,0.00,3.02
21.00,89.74,10.10,0.76,0.00,3.02
21.00,105.77,11.22,0.82,0.00,3.03
21.00,101.00,11.11,0.86,0.00,3.03
21.00,108.37,11.21,0.84,0.00,3.03
21.00,107.59,11.94,0.84,0.00,3.03
21.00,102.37,12.67,0.86,0.00,3.03
21.00,105.25,11.62,0.84,0.00,3.03
26.00,108.77,12.27,0.82,0.00,3.03
26.00,99.80,12.46,0.90,0.00,3.03
32.00,113.12,12.81,0.90,0.00,3.03
32.00,106.71,12.57,0.88,0.00,3.03
21.00,101.44,11.28,0.88,0.00,3.03
21.00,104.10,11.40,0.87,0.00,3.03
21.00,104.00,10.99,0.86,0.00,3.03
21.00,100.70,11.17,0.85,0.00,3.03
21.00,84.71,10.57,0.78,0.00,3.03
21.00,103.11,12.29,0.83,0.00,3.05
26.00,108.99,12.24,0.85,0.00,3.05
32.00,110.77,13.36,0.90,0.00,3.05
21.00,105.24,11.18,0.84,0.00,3.05
21.00,106.11,11.54,0.82,0.00,3.05
21.00,103.49,10.93,0.88,0.00,3.05
21.00,103.50,11.51,0.91,0.00,3.05
21.00,105.24,11.29,0.85,0.00,3.05
21.00,104.88,11.25,0.86,0.00,3.05
21.00,104.99,11.73,0.84,0.00,3.05
21.00,106.33,11.97,0.86,0.00,3.05
26.00,108.22,12.09,0.80,0.00,3.05
26.00,104.33,12.39,0.84,0.00,3.05
32.00,106.44,11.96,0.89,0.00,3.05
32.00,109.77,11.73,0.91,0.00,3.05
21.00,90.71,10.63,0.69,0.00,3.05
21.00,90.62,11.16,0.76,0.00,3.05
21.00,107.75,11.33,0.88,0.00,3.05
21.00,108.89,11.57,0.85,0.00,3.05
21.00,109.85,10.40,0.75,0.00,3.06
21.00,107.12,11.03,0.85,0.00,3.06
21.00,107.99,11.80,0.84,0.00,3.06
26.00,109.59,12.60,0.86,0.00,3.06
32.00,105.09,12.47,0.87,0.00,3.06
21.00,89.37,10.18,0.78,0.00,3.06
21.00,104.37,11.31,0.85,0.00,3.06
21.00,103.37,11.81,0.85,0.00,3.06
21.00,108.88,11.05,0.86,0.00,3.06
26.00,102.50,12.69,0.86,0.00,3.06
26.00,107.24,12.37,0.86,0.00,3.06
26.00,111.74,11.59,0.83,0.00,3.06
26.00,111.66,11.74,0.83,0.00,3.06
26.00,107.85,12.37,0.82,0.00,3.06
32.00,112.86,13.24,0.93,0.00,3.06
21.00,106.77,11.44,0.88,0.00,3.08
21.00,100.99,11.47,0.89,0.00,3.08
21.00,98.13,12.49,0.84,0.00,3.08
26.00,108.33,12.23,0.80,0.00,3.08
26.00,110.99,12.56,0.81,0.00,3.08
26.00,105.39,12.16,0.89,0.00,3.08
32.00,110.44,13.33,0.91,0.00,3.08
32.00,109.66,11.80,0.93,0.00,3.08
21.00,91.10,10.55,0.79,0.00,3.08
26.00,104.55,12.81,0.84,0.00,3.08
26.00,105.99,12.40,0.81,0.00,3.08
26.00,99.66,12.19,0.85,0.00,3.08
21.00,106.12,10.81,0.89,0.00,3.09
21.00,99.12,11.96,0.88,0.00,3.09
32.00,109.77,11.19,0.92,0.00,3.09
21.00,95.27,10.79,0.73,0.00,3.09
21.00,100.66,10.97,0.89,0.00,3.09
26.00,109.10,12.18,0.84,0.00,3.09
26.00,108.12,12.55,0.81,0.00,3.09
26.00,104.10,13.31,0.85,0.00,3.09
26.00,111.28,11.71,0.83,0.00,3.09
26.00,104.87,12.34,0.87,0.00,3.09
32.00,110.21,13.54,0.90,0.00,3.09
32.00,111.66,13.42,0.89,0.00,3.09
21.00,93.10,10.90,0.79,0.00,3.09
21.00,107.24,11.46,0.86,0.00,3.11
21.00,103.11,12.14,0.88,0.00,3.11
21.00,103.24,11.46,0.84,0.00,3.11
21.00,105.24,11.79,0.89,0.00,3.11
21.00,100.62,11.31,0.87,0.00,3.11
21.00,101.00,11.93,0.85,0.00,3.11
21.00,107.28,11.84,0.80,0.00,3.11
26.00,108.10,12.03,0.85,0.00,3.11
21.00,90.99,10.87,0.75,0.00,3.11
21.00,98.44,10.89,0.92,0.00,3.11
21.00,104.66,10.87,0.88,0.00,3.11
26.00,104.49,12.10,0.88,0.00,3.11
21.00,86.49,11.45,0.79,0.00,3.11
26.00,103.99,12.22,0.88,0.00,3.12
21.00,104.10,11.20,0.86,0.00,3.13
21.00,102.50,11.02,0.86,0.00,3.13
26.00,108.99,12.35,0.87,0.00,3.13
26.00,109.37,12.36,0.86,0.00,3.13
26.00,108.33,12.28,0.84,0.00,3.13
26.00,99.21,12.28,0.85,0.00,3.13
26.00,104.69,12.47,0.90,0.00,3.13
32.00,109.99,13.27,0.94,0.00,3.13
32.00,108.44,14.73,0.93,0.00,3.13
32.00,110.44,13.07,0.91,0.00,3.13
21.00,95.32,10.90,0.82,0.00,3.13
21.00,92.21,10.70,0.82,0.00,3.13
21.00,105.49,10.36,0.88,0.00,3.13
21.00,100.37,11.40,0.85,0.00,3.13
26.00,98.24,12.09,0.84,0.00,3.13
21.00,104.77,11.32,0.93,0.00,3.14
21.00,108.11,11.29,0.89,0.00,3.14
32.00,110.22,11.85,0.90,0.00,3.14
21.00,95.49,11.26,0.78,0.00,3.14
21.00,94.62,10.77,0.76,0.00,3.14
21.00,105.87,10.89,0.89,0.00,3.14
21.00,106.37,11.09,0.78,0.00,3.14
26.00,105.37,11.40,0.90,0.00,3.14
26.00,104.22,12.28,0.89,0.00,3.14
32.00,109.87,13.60,0.93,0.00,3.14
32.00,106.88,12.22,0.88,0.00,3.14
21.00,91.55,11.89,0.84,0.00,3.14
26.00,105.37,12.90,0.81,0.00,3.16
21.00,106.66,11.32,0.89,0.00,3.16
21.00,102.60,11.43,0.88,0.00,3.16
21.00,109.99,10.40,0.87,0.00,3.16
21.00,101.77,10.77,0.90,0.00,3.16
21.00,104.77,11.39,0.91,0.00,3.16
21.00,107.21,10.90,0.90,0.00,3.16
21.00,100.99,11.94,0.78,0.00,3.16
21.00,104.33,12.22,0.84,0.00,3.16
26.00,101.77,12.24,0.86,0.00,3.16
26.00,101.49,12.19,0.92,0.00,3.16
26.00,100.10,12.73,0.88,0.00,3.16
26.00,104.99,11.71,0.85,0.00,3.16
26.00,111.12,11.54,0.81,0.00,3.16
32.00,110.66,14.12,0.92,0.00,3.16
32.00,107.49,12.34,0.92,0.00,3.16
21.00,102.88,11.16,0.86,0.00,3.16
21.00,104.77,11.60,0.91,0.00,3.16
26.00,111.42,12.10,0.84,0.00,3.16
26.00,111.86,11.65,0.74,0.00,3.16
32.00,113.36,13.13,0.91,0.00,3.16
26.00,109.86,11.61,0.89,0.00,3.17
26.00,104.44,12.47,0.90,0.00,3.17
21.00,104.66,11.29,0.89,0.00,3.17
21.00,104.42,10.99,0.87,0.00,3.17
21.00,104.77,11.79,0.86,0.00,3.17
21.00,100.09,12.03,0.91,0.00,3.17
21.00,104.33,11.17,0.88,0.00,3.17
32.00,108.33,15.09,0.91,0.00,3.17
32.00,113.11,13.44,0.90,0.00,3.17
32.00,106.09,12.20,0.93,0.00,3.17
32.00,106.66,12.51,0.93,0.00,3.17
21.00,95.62,10.86,0.81,0.00,3.17
21.00,100.87,11.56,0.89,0.00,3.19
21.00,107.99,11.93,0.92,0.00,3.19
21.00,101.12,11.13,0.90,0.00,3.19
26.00,108.11,12.22,0.93,0.00,3.19
26.00,104.55,12.22,0.92,0.00,3.19
32.00,108.99,13.57,0.95,0.00,3.19
32.00,113.10,12.67,0.95,0.00,3.19
32.00,110.32,13.44,0.96,0.00,3.19
32.00,110.10,15.08,0.91,0.00,3.19
21.00,89.86,10.16,0.78,0.00,3.19
21.00,104.99,11.17,0.93,0.00,3.19
21.00,106.12,10.68,0.91,0.00,3.19
32.00,109.99,11.69,0.92,0.00,3.19
32.00,106.66,11.79,0.90,0.00,3.19
21.00,95.12,10.96,0.86,0.00,3.19
26.00,104.33,11.69,0.88,0.00,3.20
21.00,103.77,11.49,0.88,0.00,3.20
21.00,105.62,10.78,0.90,0.00,3.20
21.00,104.22,11.13,0.91,0.00,3.20
21.00,103.66,12.03,0.92,0.00,3.20
21.00,105.11,11.73,0.88,0.00,3.20
21.00,102.74,11.00,0.92,0.00,3.20
21.00,106.24,12.56,0.91,0.00,3.20
26.00,108.12,12.03,0.82,0.00,3.20
26.00,96.77,12.83,0.89,0.00,3.20
26.00,105.55,12.32,0.94,0.00,3.20
26.00,104.21,12.47,0.91,0.00,3.20
26.00,104.33,11.70,0.91,0.00,3.20
32.00,111.36,13.25,0.94,0.00,3.20
32.00,110.99,13.10,0.94,0.00,3.20
32.00,110.21,13.72,0.93,0.00,3.20
32.00,109.32,14.67,0.96,0.00,3.20
32.00,104.49,14.07,0.94,0.00,3.20
21.00,94.12,10.79,0.81,0.00,3.20
21.00,93.90,11.73,0.86,0.00,3.20
21.00,103.61,10.40,0.88,0.00,3.20
21.00,107.99,11.13,0.90,0.00,3.20
32.00,109.88,13.32,0.92,0.00,3.20
21.00,102.55,11.99,0.86,0.00,3.22
21.00,100.33,11.32,0.95,0.00,3.22
21.00,105.77,10.81,0.90,0.00,3.22
21.00,108.10,11.29,0.86,0.00,3.22
21.00,105.87,10.79,0.89,0.00,3.22
21.00,99.88,11.63,0.95,0.00,3.22
21.00,101.21,12.28,0.90,0.00,3.22
26.00,104.12,12.20,0.90,0.00,3.22
26.00,104.10,12.44,0.89,0.00,3.22
32.00,111.44,13.14,0.93,0.00,3.22
32.00,106.99,12.38,0.93,0.00,3.22
32.00,105.88,14.40,0.88,0.00,3.22
21.00,101.62,11.16,0.89,0.00,3.23
21.00,106.12,11.70,0.87,0.00,3.23
21.00,103.77,12.98,0.80,0.00,3.23
26.00,104.10,12.38,0.88,0.00,3.23
26.00,111.49,11.54,0.86,0.00,3.23
26.00,98.66,12.11,0.93,0.00,3.23
26.00,104.00,12.17,0.88,0.00,3.23
26.00,108.88,11.85,0.96,0.00,3.23
32.00,113.36,13.17,0.84,0.00,3.23
32.00,99.49,13.33,0.93,0.00,3.23
32.00,108.33,11.63,0.94,0.00,3.23
32.00,110.11,11.87,0.94,0.00,3.23
32.00,102.09,13.22,0.95,0.00,3.23
21.00,90.10,10.38,0.78,0.00,3.23
21.00,89.88,11.20,0.78,0.00,3.23
21.00,103.55,11.61,0.89,0.00,3.24
21.00,103.24,11.20,0.87,0.00,3.24
21.00,106.12,10.80,0.89,0.00,3.24
21.00,104.10,13.01,0.87,0.00,3.24
26.00,103.66,12.19,0.90,0.00,3.24
26.00,98.70,11.68,0.98,0.00,3.24
21.00,91.10,10.46,0.87,0.00,3.24
26.00,111.24,11.39,0.90,0.00,3.25
21.00,100.66,10.87,0.97,0.00,3.25
21.00,100.99,11.83,0.91,0.00,3.25
21.00,102.99,11.09,0.91,0.00,3.25
26.00,106.42,12.18,0.86,0.00,3.25
26.00,98.66,11.99,0.93,0.00,3.25
26.00,107.99,12.25,0.86,0.00,3.25
26.00,110.33,11.53,0.94,0.00,3.25
26.00,103.99,12.24,0.96,0.00,3.25
26.00,104.33,12.32,0.91,0.00,3.25
26.00,110.11,11.90,0.92,0.00,3.25
26.00,109.22,11.75,0.99,0.00,3.25
26.00,102.08,12.87,0.96,0.00,3.25
26.00,103.10,12.38,0.92,0.00,3.25
32.00,108.44,14.24,0.98,0.00,3.25
32.00,112.74,12.46,0.97,0.00,3.25
32.00,111.21,13.87,0.97,0.00,3.25
32.00,108.33,14.67,0.96,0.00,3.25
32.00,110.77,13.29,0.97,0.00,3.25
32.00,109.88,12.77,0.94,0.00,3.25
21.00,95.99,12.56,0.77,0.00,3.25
26.00,104.33,12.03,0.91,0.00,3.26
21.00,105.10,11.23,0.97,0.00,3.27
21.00,103.22,11.12,0.90,0.00,3.27
26.00,97.40,12.61,0.92,0.00,3.27
26.00,103.99,12.82,0.97,0.00,3.27
32.00,110.86,14.94,0.96,0.00,3.27
32.00,106.79,13.86,0.95,0.00,3.27
32.00,109.55,13.75,0.96,0.00,3.27
32.00,106.36,14.10,0.94,0.00,3.27
21.00,106.55,11.20,0.93,0.00,3.27
21.00,103.44,11.18,0.93,0.00,3.27
21.00,103.22,12.47,0.91,0.00,3.27
21.00,103.88,11.18,0.91,0.00,3.27
26.00,106.10,12.45,0.94,0.00,3.27
32.00,110.66,13.51,0.96,0.00,3.27
32.00,106.77,12.02,0.92,0.00,3.27
32.00,105.90,12.28,0.93,0.00,3.27
32.00,109.09,13.51,0.94,0.00,3.27
21.00,91.62,10.70,0.80,0.00,3.27
21.00,97.28,11.33,0.96,0.00,3.28
21.00,104.10,11.16,0.89,0.00,3.28
26.00,103.66,11.29,0.89,0.00,3.28
26.00,109.61,11.49,0.93,0.00,3.28
26.00,104.99,11.96,0.96,0.00,3.28
26.00,104.22,12.36,0.93,0.00,3.28
26.00,104.44,12.08,0.95,0.00,3.28
32.00,108.33,13.21,1.00,0.00,3.28
32.00,110.33,11.46,0.95,0.00,3.28
21.00,91.08,10.74,0.90,0.00,3.28
26.00,104.79,11.91,0.95,0.00,3.28
32.00,109.99,13.82,0.96,0.00,3.28
32.00,104.77,11.11,0.91,0.00,3.28
21.00,104.22,11.50,0.95,0.00,3.30
21.00,105.12,12.02,0.93,0.00,3.30
26.00,97.88,11.96,0.91,0.00,3.30
26.00,100.39,11.79,0.93,0.00,3.30
26.00,105.22,12.44,0.94,0.00,3.30
26.00,109.88,11.71,0.93,0.00,3.30
26.00,110.49,11.95,0.96,0.00,3.30
32.00,107.29,12.36,0.96,0.00,3.30
21.00,89.57,10.39,0.86,0.00,3.30
21.00,95.19,10.95,0.86,0.00,3.30
21.00,101.55,11.22,0.91,0.00,3.31
21.00,104.62,11.31,0.94,0.00,3.31
21.00,103.99,11.94,0.96,0.00,3.31
26.00,105.11,12.28,0.96,0.00,3.31
32.00,110.10,13.18,0.99,0.00,3.31
21.00,96.10,10.72,0.82,0.00,3.31
21.00,100.44,10.97,0.96,0.00,3.31
21.00,107.10,10.80,0.99,0.00,3.31
21.00,102.90,11.37,0.96,0.00,3.31
21.00,105.50,10.99,0.94,0.00,3.31
21.00,103.32,11.61,0.94,0.00,3.31
21.00,102.55,11.82,0.93,0.00,3.31
21.00,102.27,11.44,0.94,0.00,3.31
26.00,109.32,12.25,0.88,0.00,3.31
26.00,103.99,12.26,0.94,0.00,3.31
26.00,102.44,12.80,0.96,0.00,3.31
32.00,112.39,12.87,0.99,0.00,3.31
32.00,110.10,13.32,0.96,0.00,3.31
32.00,109.61,11.36,0.96,0.00,3.31
32.00,109.88,11.75,0.96,0.00,3.31
21.00,95.66,11.16,0.91,0.00,3.31
21.00,105.66,11.30,0.99,0.00,3.33
21.00,97.25,11.18,0.92,0.00,3.33
21.00,105.62,11.71,0.94,0.00,3.33
21.00,106.74,10.88,0.95,0.00,3.33
21.00,99.10,11.89,0.95,0.00,3.33
21.00,99.44,12.37,0.91,0.00,3.33
26.00,103.44,11.43,0.91,0.00,3.33
26.00,102.21,12.56,0.95,0.00,3.33
26.00,101.45,13.11,0.92,0.00,3.33
26.00,100.99,12.64,0.97,0.00,3.33
26.00,99.45,13.73,0.98,0.00,3.33
26.00,103.77,12.38,0.94,0.00,3.33
26.00,103.66,12.29,0.95,0.00,3.33
32.00,113.49,13.69,0.97,0.00,3.33
32.00,107.19,11.88,0.97,0.00,3.33
32.00,107.29,11.70,0.94,0.00,3.33
32.00,110.10,12.11,0.97,0.00,3.33
32.00,110.19,12.54,0.97,0.00,3.33
32.00,106.79,11.82,0.93,0.00,3.33
32.00,94.55,10.50,0.96,0.00,3.33
32.00,103.33,14.11,0.90,0.00,3.33
21.00,93.19,11.69,0.91,0.00,3.33
21.00,103.99,11.10,0.93,0.00,3.33
26.00,100.77,12.09,0.81,0.00,3.33
32.00,106.32,13.39,1.00,0.00,3.33
21.00,95.43,10.79,0.86,0.00,3.33
21.00,90.32,10.51,0.88,0.00,3.33
21.00,102.00,10.88,0.93,0.00,3.34
26.00,104.33,12.71,0.93,0.00,3.34
26.00,109.74,12.16,0.95,0.00,3.34
32.00,105.77,11.93,0.94,0.00,3.34
21.00,104.36,11.19,0.89,0.00,3.34
21.00,108.11,10.45,0.92,0.00,3.34
26.00,101.99,12.08,0.87,0.00,3.34
26.00,102.49,12.57,0.97,0.00,3.34
26.00,107.44,12.16,0.88,0.00,3.36
26.00,99.30,11.78,0.95,0.00,3.36
26.00,100.00,12.87,0.98,0.00,3.36
26.00,106.21,12.69,0.97,0.00,3.36
26.00,104.33,11.93,0.96,0.00,3.36
32.00,111.69,13.19,1.02,0.00,3.36
32.00,109.49,11.67,0.97,0.00,3.36
32.00,107.55,12.39,0.96,0.00,3.36
32.00,110.12,11.84,0.98,0.00,3.36
32.00,109.79,13.65,0.93,0.00,3.36
21.00,100.77,11.42,0.94,0.00,3.36
21.00,106.49,11.90,0.94,0.00,3.36
26.00,104.32,12.42,0.90,0.00,3.36
26.00,104.11,11.65,0.94,0.00,3.36
26.00,103.44,12.71,0.96,0.00,3.36
32.00,95.60,10.52,0.97,0.00,3.36
21.00,90.90,11.10,0.91,0.00,3.36
21.00,94.39,12.22,0.89,0.00,3.36
32.00,91.50,10.98,0.99,0.00,3.37
21.00,99.55,11.61,0.95,0.00,3.38
21.00,103.88,11.89,0.94,0.00,3.38
21.00,100.09,12.07,0.94,0.00,3.38
21.00,102.87,10.84,0.92,0.00,3.38
21.00,103.66,11.30,0.95,0.00,3.38
26.00,105.10,12.53,0.93,0.00,3.38
26.00,100.99,12.31,0.93,0.00,3.38
26.00,104.99,12.25,0.93,0.00,3.38
26.00,101.18,13.05,1.01,0.00,3.38
32.00,108.77,13.56,1.03,0.00,3.38
32.00,110.39,12.51,0.97,0.00,3.38
32.00,106.77,12.63,0.95,0.00,3.38
32.00,106.33,12.14,0.97,0.00,3.38
32.00,107.89,11.60,1.00,0.00,3.38
32.00,110.09,12.71,0.97,0.00,3.38
32.00,107.77,14.19,0.92,0.00,3.38
21.00,91.80,10.33,0.85,0.00,3.38
21.00,90.49,11.11,0.92,0.00,3.38
21.00,92.88,10.58,0.82,0.00,3.38
21.00,100.66,11.15,0.95,0.00,3.39
26.00,99.66,12.08,0.81,0.00,3.39
26.00,110.39,11.79,1.00,0.00,3.39
26.00,104.10,11.72,0.96,0.00,3.39
26.00,99.49,12.76,0.98,0.00,3.39
32.00,110.19,13.19,0.98,0.00,3.39
32.00,110.44,13.26,0.98,0.00,3.39
32.00,110.00,11.28,0.96,0.00,3.39
32.00,105.77,12.29,0.97,0.00,3.39
32.00,106.33,12.19,0.96,0.00,3.39
32.00,109.59,13.03,0.89,0.00,3.39
32.00,108.09,14.76,0.87,0.00,3.39
32.00,109.00,14.24,0.96,0.00,3.39
21.00,92.72,12.17,0.92,0.00,3.39
21.00,94.55,10.99,0.90,0.00,3.39
32.00,107.33,11.93,1.01,0.00,3.40
26.00,104.99,12.95,0.99,0.00,3.41
26.00,96.99,12.59,1.01,0.00,3.41
32.00,108.77,13.17,0.98,0.00,3.41
32.00,110.08,11.83,0.97,0.00,3.41
32.00,110.29,12.12,1.02,0.00,3.41
32.00,107.69,12.00,0.95,0.00,3.41
32.00,105.72,13.65,1.03,0.00,3.41
32.00,104.90,12.43,0.93,0.00,3.41
32.00,105.09,14.44,0.97,0.00,3.41
21.00,95.55,10.78,0.92,0.00,3.41
21.00,103.19,11.61,0.92,0.00,3.41
32.00,107.55,12.00,0.99,0.00,3.41
32.00,95.40,10.66,0.99,0.00,3.41
21.00,100.99,11.03,1.01,0.00,3.42
21.00,102.70,11.11,0.94,0.00,3.42
21.00,102.50,11.59,1.00,0.00,3.42
26.00,104.88,12.32,0.94,0.00,3.42
26.00,107.25,11.65,0.91,0.00,3.42
26.00,107.49,12.16,0.91,0.00,3.42
26.00,104.66,11.67,1.00,0.00,3.42
26.00,104.49,12.90,1.01,0.00,3.42
26.00,106.90,11.53,0.99,0.00,3.42
26.00,102.59,12.48,0.98,0.00,3.42
26.00,102.77,12.90,0.97,0.00,3.42
32.00,112.33,13.26,1.03,0.00,3.42
32.00,113.49,12.51,1.00,0.00,3.42
32.00,111.69,13.06,1.02,0.00,3.42
32.00,107.29,11.75,1.00,0.00,3.42
32.00,91.39,10.88,0.94,0.00,3.42
32.00,106.99,12.96,0.95,0.00,3.42
21.00,89.49,10.36,0.90,0.00,3.42
21.00,91.60,10.66,0.91,0.00,3.42
21.00,91.89,10.57,0.87,0.00,3.42
21.00,100.55,10.48,0.97,0.00,3.44
21.00,105.33,11.69,0.94,0.00,3.44
26.00,99.70,12.62,0.99,0.00,3.44
32.00,109.89,11.49,1.01,0.00,3.44
32.00,109.81,12.42,1.00,0.00,3.44
32.00,104.90,12.55,0.95,0.00,3.44
32.00,109.99,13.28,0.88,0.00,3.44
32.00,98.69,14.54,0.91,0.00,3.44
21.00,101.33,11.33,0.95,0.00,3.44
21.00,105.37,10.83,0.96,0.00,3.44
21.00,101.44,11.35,0.99,0.00,3.44
26.00,104.12,11.71,0.98,0.00,3.44
26.00,106.33,12.62,0.98,0.00,3.44
32.00,91.09,11.20,0.98,0.00,3.44
32.00,102.19,11.96,0.92,0.00,3.44
32.00,110.33,13.56,0.92,0.00,3.44
32.00,105.39,13.79,0.93,0.00,3.44
32.00,103.63,14.88,0.92,0.00,3.44
21.00,95.10,11.81,0.93,0.00,3.44
26.00,103.66,11.87,0.91,0.00,3.44
21.00,104.77,11.84,0.93,0.00,3.45
32.00,108.69,15.50,1.02,0.00,3.45
21.00,106.09,10.73,1.00,0.00,3.45
26.00,104.21,11.49,0.94,0.00,3.45
26.00,111.24,11.45,0.95,0.00,3.45
26.00,99.00,13.57,0.98,0.00,3.45
26.00,104.08,12.77,1.00,0.00,3.45
26.00,104.66,12.05,0.99,0.00,3.45
32.00,108.89,13.33,1.00,0.00,3.45
32.00,101.36,13.85,1.04,0.00,3.45
32.00,106.72,13.43,0.96,0.00,3.45
21.00,91.90,10.67,0.90,0.00,3.45
21.00,89.10,10.46,0.91,0.00,3.45
21.00,89.77,11.46,0.89,0.00,3.45
21.00,104.99,11.89,0.97,0.00,3.45
26.00,101.54,12.41,0.97,0.00,3.45
32.00,109.99,13.50,1.02,0.00,3.45
32.00,104.39,13.74,0.94,0.00,3.45
21.00,89.70,11.97,0.90,0.00,3.45
21.00,101.50,11.65,0.94,0.00,3.47
32.00,110.77,12.81,1.03,0.00,3.47
32.00,107.81,12.61,0.94,0.00,3.47
21.00,89.59,10.55,0.92,0.00,3.47
21.00,105.40,11.10,0.97,0.00,3.47
21.00,96.44,11.72,0.95,0.00,3.47
21.00,99.88,10.96,0.94,0.00,3.47
26.00,105.09,12.24,0.95,0.00,3.47
26.00,103.90,12.87,0.97,0.00,3.47
26.00,103.77,11.75,0.95,0.00,3.47
26.00,104.55,12.27,0.98,0.00,3.47
32.00,104.79,12.84,0.98,0.00,3.47
32.00,109.77,11.79,0.96,0.00,3.47
32.00,109.37,11.70,0.99,0.00,3.47
32.00,102.19,13.22,0.98,0.00,3.47
32.00,101.90,12.84,0.96,0.00,3.47
21.00,91.10,12.02,0.89,0.00,3.47
26.00,104.40,12.46,1.01,0.00,3.48
21.00,105.62,10.90,0.96,0.00,3.48
26.00,102.77,12.19,0.94,0.00,3.48
26.00,105.70,11.49,0.94,0.00,3.48
26.00,99.66,12.28,0.93,0.00,3.48
26.00,99.33,12.41,0.99,0.00,3.48
26.00,102.69,11.96,1.01,0.00,3.48
26.00,99.60,13.88,0.97,0.00,3.48
32.00,110.39,12.94,1.01,0.00,3.48
32.00,105.19,13.76,0.93,0.00,3.48
32.00,108.59,13.87,0.93,0.00,3.48
32.00,104.55,13.04,0.92,0.00,3.48
32.00,95.10,10.53,1.02,0.00,3.48
32.00,109.66,14.62,0.93,0.00,3.48
21.00,106.30,11.47,1.01,0.00,3.49
21.00,105.37,11.66,0.95,0.00,3.49
26.00,98.39,11.90,0.97,0.00,3.49
32.00,106.13,12.63,1.03,0.00,3.49
32.00,108.77,12.77,0.99,0.00,3.49
32.00,91.81,11.19,1.01,0.00,3.49
32.00,105.70,12.55,0.95,0.00,3.49
32.00,90.88,11.00,1.00,0.00,3.50
26.00,104.49,12.36,0.98,0.00,3.50
26.00,104.55,12.27,0.96,0.00,3.50
26.00,98.09,12.00,0.95,0.00,3.50
26.00,98.29,13.56,1.01,0.00,3.50
26.00,102.50,13.29,0.98,0.00,3.50
26.00,104.10,12.33,0.97,0.00,3.50
26.00,102.54,12.58,1.00,0.00,3.50
32.00,105.89,14.05,0.99,0.00,3.50
32.00,105.09,13.18,1.02,0.00,3.50
32.00,107.55,12.25,0.96,0.00,3.50
32.00,107.49,11.95,0.99,0.00,3.50
32.00,111.36,13.71,0.94,0.00,3.50
32.00,107.79,12.81,0.95,0.00,3.50
32.00,110.19,13.26,0.95,0.00,3.50
32.00,91.59,11.11,1.01,0.00,3.50
32.00,108.08,13.82,0.97,0.00,3.50
32.00,95.19,10.38,1.01,0.00,3.50
21.00,91.44,10.50,0.90,0.00,3.50
21.00,91.69,12.31,0.92,0.00,3.50
21.00,89.39,10.37,0.93,0.00,3.50
26.00,102.88,13.09,1.01,0.00,3.50
26.00,106.44,11.53,0.94,0.00,3.52
26.00,102.90,12.70,1.01,0.00,3.52
32.00,110.79,11.52,1.04,0.00,3.52
32.00,105.59,11.89,0.99,0.00,3.52
32.00,105.44,13.62,0.93,0.00,3.52
32.00,104.40,13.27,0.98,0.00,3.52
21.00,92.22,11.49,0.91,0.00,3.52
26.00,103.77,12.21,0.96,0.00,3.52
26.00,101.87,11.30,0.93,0.00,3.52
26.00,105.09,12.00,1.02,0.00,3.52
32.00,107.33,11.87,0.98,0.00,3.52
32.00,109.36,13.14,1.01,0.00,3.52
32.00,104.81,13.90,0.93,0.00,3.52
21.00,84.99,10.08,0.94,0.00,3.52
21.00,105.50,11.09,1.02,0.00,3.53
21.00,101.25,10.79,0.98,0.00,3.53
26.00,104.33,11.73,1.01,0.00,3.53
26.00,105.49,12.04,1.04,0.00,3.53
26.00,106.89,13.03,1.02,0.00,3.53
32.00,109.19,12.54,1.01,0.00,3.53
32.00,110.29,12.65,1.04,0.00,3.53
32.00,110.55,13.27,1.01,0.00,3.53
32.00,106.60,11.85,1.01,0.00,3.53
32.00,109.00,13.03,1.02,0.00,3.53
32.00,91.29,11.03,1.01,0.00,3.53
32.00,94.99,10.54,1.01,0.00,3.53
32.00,100.55,12.36,0.95,0.00,3.53
32.00,106.89,14.83,1.00,0.00,3.53
21.00,104.80,10.65,1.02,0.00,3.53
32.00,111.99,12.74,1.06,0.00,3.53
32.00,100.59,12.54,0.94,0.00,3.53
32.00,107.59,13.11,0.95,0.00,3.53
21.00,92.89,10.72,0.94,0.00,3.53
21.00,88.59,10.48,0.93,0.00,3.53
26.00,100.49,13.10,0.92,0.00,3.55
26.00,106.50,12.06,1.01,0.00,3.55
32.00,109.99,12.40,1.07,0.00,3.55
21.00,89.44,10.40,0.86,0.00,3.55
32.00,108.49,13.46,1.03,0.00,3.55
32.00,99.49,13.64,1.03,0.00,3.55
32.00,110.22,12.04,0.98,0.00,3.55
32.00,110.19,12.20,1.06,0.00,3.55
32.00,104.27,11.60,1.01,0.00,3.55
32.00,107.39,12.35,1.00,0.00,3.55
32.00,95.30,10.58,1.00,0.00,3.55
32.00,95.10,10.61,1.02,0.00,3.55
32.00,107.49,14.34,0.97,0.00,3.55
21.00,95.55,10.94,0.93,0.00,3.55
21.00,95.33,10.80,0.95,0.00,3.55
26.00,98.50,12.23,0.97,0.00,3.55
21.00,100.99,11.23,0.98,0.00,3.56
32.00,110.29,12.14,1.04,0.00,3.56
32.00,105.69,13.81,1.03,0.00,3.56
32.00,107.30,12.05,1.00,0.00,3.56
32.00,108.99,13.23,0.97,0.00,3.56
32.00,94.89,10.58,1.00,0.00,3.56
32.00,107.09,13.73,0.97,0.00,3.56
21.00,95.39,11.00,0.93,0.00,3.56
21.00,101.44,11.03,1.02,0.00,3.56
26.00,104.40,12.17,0.96,0.00,3.56
26.00,106.21,12.42,1.06,0.00,3.56
26.00,105.88,12.17,1.03,0.00,3.56
32.00,110.59,12.30,1.04,0.00,3.56
32.00,110.88,13.60,0.94,0.00,3.56
32.00,94.69,10.59,1.00,0.00,3.56
32.00,106.45,13.06,0.95,0.00,3.56
32.00,104.79,14.34,0.97,0.00,3.56
32.00,109.59,14.05,1.00,0.00,3.56
32.00,105.24,14.53,0.97,0.00,3.56
21.00,92.32,10.82,0.93,0.00,3.56
21.00,104.80,11.39,0.98,0.00,3.58
26.00,99.33,12.04,0.95,0.00,3.58
26.00,99.99,12.28,0.97,0.00,3.58
26.00,103.89,12.30,0.96,0.00,3.58
26.00,104.24,12.07,0.99,0.00,3.58
32.00,111.69,12.79,1.03,0.00,3.58
32.00,104.79,13.60,1.06,0.00,3.58
32.00,100.54,13.93,1.05,0.00,3.58
32.00,107.17,13.74,0.97,0.00,3.58
32.00,90.59,11.10,1.00,0.00,3.58
32.00,106.69,14.27,0.99,0.00,3.58
32.00,106.29,14.54,0.98,0.00,3.58
32.00,106.70,11.62,1.01,0.00,3.58
32.00,110.19,11.86,1.02,0.00,3.58
32.00,106.59,12.14,1.04,0.00,3.58
32.00,110.69,13.24,0.98,0.00,3.58
26.00,106.21,12.01,0.99,0.00,3.59
21.00,97.66,11.42,0.98,0.00,3.59
26.00,105.77,11.70,0.99,0.00,3.59
26.00,109.55,11.72,1.02,0.00,3.59
26.00,105.29,12.65,0.98,0.00,3.59
26.00,101.60,12.33,1.05,0.00,3.59
26.00,100.33,13.03,1.01,0.00,3.59
32.00,105.88,13.82,1.06,0.00,3.59
32.00,109.88,12.73,1.04,0.00,3.59
32.00,105.69,13.22,1.05,0.00,3.59
32.00,104.99,13.26,1.02,0.00,3.59
32.00,109.66,12.55,1.02,0.00,3.59
32.00,109.72,12.53,1.08,0.00,3.59
32.00,110.66,12.24,1.04,0.00,3.59
32.00,104.09,13.09,1.03,0.00,3.59
32.00,90.79,11.30,1.03,0.00,3.59
32.00,101.20,11.18,0.96,0.00,3.59
32.00,91.54,11.15,1.01,0.00,3.59
21.00,93.09,10.52,0.91,0.00,3.59
21.00,92.39,10.72,0.97,0.00,3.59
21.00,91.63,11.44,0.95,0.00,3.59
32.00,100.90,12.48,1.00,0.00,3.61
26.00,103.89,12.18,0.97,0.00,3.61
26.00,104.90,12.46,0.97,0.00,3.61
26.00,101.22,12.74,1.01,0.00,3.61
32.00,107.39,11.81,1.02,0.00,3.61
32.00,109.39,12.97,1.04,0.00,3.61
32.00,91.35,10.90,1.00,0.00,3.61
21.00,90.32,10.63,0.99,0.00,3.61
21.00,88.69,10.59,0.96,0.00,3.61
26.00,106.37,12.61,1.06,0.00,3.61
26.00,104.00,13.00,1.01,0.00,3.61
32.00,106.50,11.80,1.07,0.00,3.61
32.00,110.29,13.19,1.01,0.00,3.61
32.00,104.89,14.36,1.03,0.00,3.61
21.00,90.32,10.38,0.90,0.00,3.61
26.00,104.44,12.15,1.03,0.00,3.62
21.00,101.44,11.17,1.02,0.00,3.63
26.00,99.44,12.40,1.06,0.00,3.63
26.00,98.90,12.79,0.94,0.00,3.63
26.00,102.37,13.29,1.01,0.00,3.63
26.00,105.60,12.34,1.08,0.00,3.63
26.00,99.89,12.62,1.05,0.00,3.63
32.00,101.08,13.32,1.02,0.00,3.63
32.00,110.36,12.92,1.08,0.00,3.63
32.00,99.24,12.44,1.02,0.00,3.63
32.00,91.53,10.94,1.08,0.00,3.63
32.00,95.09,10.39,1.05,0.00,3.63
32.00,98.99,11.84,1.01,0.00,3.63
32.00,105.89,11.86,0.97,0.00,3.63
32.00,105.00,11.84,0.99,0.00,3.63
32.00,105.17,13.74,0.97,0.00,3.63
21.00,89.59,10.54,0.97,0.00,3.63
21.00,96.74,10.96,0.95,0.00,3.63
32.00,110.08,12.49,1.03,0.00,3.64
32.00,106.10,12.86,0.98,0.00,3.64
21.00,92.50,11.98,0.97,0.00,3.64
26.00,100.87,13.16,1.02,0.00,3.64
26.00,104.59,12.39,1.07,0.00,3.64
26.00,104.26,12.52,1.03,0.00,3.64
32.00,97.70,13.20,0.98,0.00,3.64
32.00,104.60,12.65,0.93,0.00,3.64
32.00,97.72,12.05,1.00,0.00,3.64
21.00,95.43,10.85,0.94,0.00,3.64
21.00,92.77,10.88,0.94,0.00,3.64
21.00,95.10,11.09,0.92,0.00,3.65
26.00,101.00,13.06,1.04,0.00,3.66
32.00,105.99,13.23,1.07,0.00,3.66
32.00,105.36,12.67,1.07,0.00,3.66
32.00,111.09,12.60,1.03,0.00,3.66
32.00,106.49,13.81,0.99,0.00,3.66
32.00,107.70,12.61,1.01,0.00,3.66
21.00,90.09,10.56,0.95,0.00,3.66
26.00,98.40,12.53,1.00,0.00,3.66
26.00,104.99,12.37,1.06,0.00,3.66
32.00,104.99,13.58,0.97,0.00,3.66
32.00,109.79,14.11,0.98,0.00,3.66
21.00,93.89,10.95,0.98,0.00,3.66
32.00,109.82,13.39,1.11,0.00,3.67
32.00,102.00,11.77,1.00,0.00,3.67
32.00,95.44,10.63,1.01,0.00,3.67
26.00,99.30,11.86,0.98,0.00,3.67
26.00,104.49,12.76,1.03,0.00,3.67
26.00,100.54,12.26,1.03,0.00,3.67
26.00,106.77,11.89,1.04,0.00,3.67
32.00,107.66,12.09,1.02,0.00,3.67
32.00,109.88,13.13,1.05,0.00,3.67
32.00,109.39,12.57,1.07,0.00,3.67
32.00,104.24,12.97,0.97,0.00,3.67
32.00,100.30,11.70,0.97,0.00,3.67
32.00,90.63,10.89,1.01,0.00,3.67
32.00,91.19,10.98,1.01,0.00,3.67
32.00,90.10,10.80,1.02,0.00,3.67
32.00,95.10,10.64,1.04,0.00,3.67
32.00,95.17,10.64,1.03,0.00,3.67
21.00,92.69,10.67,0.92,0.00,3.67
21.00,88.29,10.21,0.98,0.00,3.67
26.00,99.12,12.11,0.98,0.00,3.69
32.00,104.08,13.43,1.09,0.00,3.69
32.00,107.29,11.86,1.10,0.00,3.69
32.00,105.89,12.48,1.03,0.00,3.69
32.00,107.89,13.66,0.99,0.00,3.69
32.00,101.09,13.39,1.04,0.00,3.69
26.00,105.49,11.58,1.09,0.00,3.69
26.00,98.89,12.40,1.09,0.00,3.69
21.00,96.07,12.25,1.06,0.00,3.69
32.00,110.79,12.22,1.04,0.00,3.69
32.00,87.26,11.94,1.05,0.00,3.69
32.00,94.99,10.53,1.09,0.00,3.69
32.00,110.00,13.97,1.02,0.00,3.69
21.00,96.77,10.97,0.93,0.00,3.70
26.00,110.19,11.86,1.04,0.00,3.70
21.00,91.07,13.16,1.11,0.00,3.70
32.00,109.99,12.21,1.05,0.00,3.70
32.00,109.49,13.00,1.09,0.00,3.70
32.00,94.79,10.73,1.06,0.00,3.70
32.00,90.49,10.97,1.07,0.00,3.70
32.00,108.49,12.40,0.97,0.00,3.70
32.00,90.99,11.37,1.08,0.00,3.70
32.00,102.33,12.60,0.92,0.00,3.70
32.00,101.81,12.28,1.04,0.00,3.70
26.00,100.36,12.71,0.99,0.00,3.70
32.00,109.55,11.66,1.06,0.00,3.70
26.00,105.50,12.12,1.09,0.00,3.71
21.00,98.72,11.40,1.10,0.00,3.72
21.00,98.26,11.52,1.12,0.00,3.72
32.00,110.33,12.39,1.09,0.00,3.72
32.00,109.39,12.48,1.06,0.00,3.72
21.00,103.88,11.34,1.03,0.00,3.72
26.00,100.45,13.54,1.05,0.00,3.72
26.00,99.29,12.34,1.06,0.00,3.72
26.00,103.20,12.95,1.04,0.00,3.72
26.00,99.70,12.62,1.08,0.00,3.72
32.00,109.90,13.28,1.09,0.00,3.72
32.00,110.12,11.31,1.03,0.00,3.72
32.00,109.63,12.83,1.07,0.00,3.72
32.00,96.74,12.96,1.02,0.00,3.72
32.00,91.17,11.17,1.07,0.00,3.72
32.00,108.19,13.03,1.03,0.00,3.72
32.00,101.10,12.05,0.99,0.00,3.72
32.00,91.19,10.94,1.05,0.00,3.72
32.00,109.49,14.31,1.01,0.00,3.72
21.00,95.66,10.77,0.97,0.00,3.72
21.00,89.25,11.18,0.96,0.00,3.72
26.00,107.69,12.45,1.08,0.00,3.73
32.00,106.35,12.98,1.08,0.00,3.73
32.00,110.54,12.92,1.09,0.00,3.73
32.00,110.49,13.42,1.04,0.00,3.73
32.00,109.72,12.50,1.06,0.00,3.73
32.00,105.99,12.31,0.99,0.00,3.73
32.00,109.90,12.62,1.11,0.00,3.74
32.00,107.09,13.90,0.99,0.00,3.74
21.00,91.99,10.66,0.97,0.00,3.74
21.00,97.91,11.54,1.09,0.00,3.75
32.00,103.44,12.74,1.13,0.00,3.75
32.00,107.89,13.76,1.09,0.00,3.75
32.00,101.99,11.61,0.98,0.00,3.75
32.00,90.70,11.04,1.01,0.00,3.75
32.00,101.19,12.46,1.01,0.00,3.75
32.00,94.89,10.53,1.10,0.00,3.75
32.00,99.10,10.81,1.02,0.00,3.75
32.00,91.08,10.79,1.09,0.00,3.75
21.00,94.99,11.21,0.97,0.00,3.75
21.00,88.63,11.91,0.98,0.00,3.75
26.00,99.20,12.69,1.02,0.00,3.75
32.00,108.54,13.03,1.09,0.00,3.75
26.00,102.09,12.69,1.05,0.00,3.77
32.00,107.26,13.02,1.09,0.00,3.77
32.00,90.89,10.98,1.05,0.00,3.77
32.00,110.56,13.21,0.98,0.00,3.77
32.00,91.59,11.34,1.07,0.00,3.77
32.00,105.00,13.36,0.96,0.00,3.77
32.00,109.19,13.84,1.01,0.00,3.77
26.00,101.44,12.38,1.06,0.00,3.77
26.00,105.44,12.30,1.07,0.00,3.77
21.00,94.58,12.44,1.11,0.00,3.77
32.00,102.24,11.31,1.10,0.00,3.77
32.00,113.49,12.62,1.09,0.00,3.77
32.00,110.08,13.37,1.09,0.00,3.77
32.00,105.33,13.55,1.07,0.00,3.77
32.00,107.99,13.07,1.07,0.00,3.77
32.00,110.99,13.31,1.01,0.00,3.77
32.00,91.26,10.89,1.07,0.00,3.77
32.00,101.80,12.79,1.01,0.00,3.77
32.00,100.19,13.29,0.97,0.00,3.77
32.00,98.63,12.41,0.99,0.00,3.77
32.00,110.89,12.59,1.15,0.00,3.78
32.00,94.99,10.40,1.09,0.00,3.78
32.00,91.41,11.17,1.04,0.00,3.78
21.00,93.54,10.82,1.03,0.00,3.78
21.00,94.99,12.10,1.10,0.00,3.78
21.00,90.54,12.08,1.09,0.00,3.78
32.00,110.39,12.28,1.13,0.00,3.78
32.00,90.79,10.87,1.06,0.00,3.78
32.00,101.12,12.42,1.01,0.00,3.78
21.00,96.35,11.28,1.06,0.00,3.80
26.00,102.44,12.89,1.08,0.00,3.80
21.00,100.44,11.70,1.13,0.00,3.80
21.00,93.39,12.41,1.12,0.00,3.80
21.00,92.90,13.27,1.09,0.00,3.80
21.00,96.57,12.18,1.15,0.00,3.80
32.00,105.08,13.34,1.07,0.00,3.80
32.00,100.00,11.52,1.02,0.00,3.80
32.00,101.49,12.55,1.01,0.00,3.80
32.00,91.50,11.04,1.03,0.00,3.80
32.00,106.09,13.77,1.04,0.00,3.80
32.00,105.55,12.78,0.97,0.00,3.81
32.00,101.90,12.93,1.01,0.00,3.81
21.00,100.69,11.71,1.12,0.00,3.81
32.00,105.36,13.54,1.10,0.00,3.81
32.00,98.90,12.23,1.04,0.00,3.81
32.00,94.90,10.41,1.05,0.00,3.81
26.00,103.90,12.58,1.06,0.00,3.83
21.00,90.44,12.16,1.13,0.00,3.83
21.00,94.08,12.08,1.12,0.00,3.83
32.00,103.69,12.88,1.11,0.00,3.83
32.00,110.26,12.79,1.11,0.00,3.83
32.00,110.44,12.47,1.08,0.00,3.83
32.00,104.59,12.80,1.14,0.00,3.83
32.00,87.81,11.69,1.07,0.00,3.83
32.00,91.35,11.31,1.05,0.00,3.83
32.00,104.59,13.51,0.93,0.00,3.83
32.00,102.27,11.66,1.03,0.00,3.83
32.00,108.09,14.11,1.01,0.00,3.83
32.00,91.08,10.97,1.07,0.00,3.83
32.00,88.16,11.43,1.13,0.00,3.83
21.00,94.89,12.29,0.97,0.00,3.83
21.00,95.72,12.36,1.07,0.00,3.83
32.00,100.90,12.74,1.05,0.00,3.83
32.00,107.69,14.07,1.04,0.00,3.83
21.00,94.63,12.70,1.12,0.00,3.84
21.00,93.99,12.03,1.12,0.00,3.84
21.00,100.08,11.58,1.15,0.00,3.84
32.00,91.81,11.09,1.08,0.00,3.84
32.00,95.09,10.49,1.08,0.00,3.84
32.00,110.26,12.63,1.14,0.00,3.84
32.00,109.17,12.35,1.10,0.00,3.84
32.00,107.79,13.36,1.11,0.00,3.84
32.00,95.20,10.65,1.13,0.00,3.84
32.00,100.10,12.40,0.98,0.00,3.84
32.00,102.36,12.24,1.05,0.00,3.84
21.00,100.08,11.53,1.13,0.00,3.86
21.00,94.72,12.53,1.14,0.00,3.86
26.00,98.77,13.14,1.07,0.00,3.86
21.00,92.15,12.75,1.11,0.00,3.86
26.00,101.99,11.95,1.14,0.00,3.88
32.00,111.08,13.02,1.11,0.00,3.88
32.00,109.74,12.83,1.15,0.00,3.88
32.00,107.90,13.24,1.10,0.00,3.88
32.00,105.82,13.17,1.11,0.00,3.88
32.00,102.81,13.60,1.06,0.00,3.88
21.00,94.81,12.34,1.09,0.00,3.88
32.00,113.44,13.10,1.13,0.00,3.89
21.00,90.35,12.06,1.12,0.00,3.89
21.00,94.17,12.08,1.15,0.00,3.89
32.00,111.16,13.53,1.16,0.00,3.89
32.00,109.54,12.68,1.12,0.00,3.89
32.00,90.90,11.23,1.13,0.00,3.89
32.00,100.30,11.77,1.02,0.00,3.89
21.00,94.66,12.35,1.11,0.00,3.91
32.00,109.69,12.88,1.10,0.00,3.91
32.00,110.49,12.40,1.15,0.00,3.91
32.00,95.30,10.46,1.09,0.00,3.91
21.00,93.54,12.46,1.14,0.00,3.91
26.00,101.54,12.16,1.16,0.00,3.92
26.00,101.29,12.37,1.13,0.00,3.92
21.00,93.72,12.03,1.13,0.00,3.92
21.00,95.91,12.53,1.19,0.00,3.92
21.00,92.99,12.46,1.13,0.00,3.92
32.00,104.29,11.18,1.09,0.00,3.92
32.00,111.63,13.11,1.14,0.00,3.92
32.00,107.17,13.71,1.15,0.00,3.92
32.00,109.79,12.87,1.12,0.00,3.92
32.00,109.17,13.34,1.13,0.00,3.92
32.00,108.81,12.16,1.16,0.00,3.92
32.00,102.10,12.10,1.02,0.00,3.92
32.00,90.80,11.20,1.07,0.00,3.92
32.00,100.08,12.33,1.07,0.00,3.92
32.00,98.44,12.72,1.02,0.00,3.92
21.00,102.62,11.07,1.13,0.00,3.94
21.00,94.35,12.34,1.09,0.00,3.94
32.00,104.79,13.34,1.11,0.00,3.94
32.00,97.26,11.45,1.02,0.00,3.94
21.00,95.90,12.43,1.12,0.00,3.94
21.00,99.89,11.55,1.16,0.00,3.94
32.00,90.81,10.99,1.13,0.00,3.94
21.00,91.99,11.47,1.14,0.00,3.95
21.00,97.66,11.42,1.09,0.00,3.95
21.00,90.26,12.15,1.15,0.00,3.95
32.00,102.36,12.21,1.06,0.00,3.95
32.00,94.90,10.36,1.09,0.00,3.95
32.00,100.09,12.91,1.09,0.00,3.95
32.00,94.99,10.56,1.10,0.00,3.95
21.00,95.60,10.89,1.00,0.00,3.95
21.00,92.54,10.66,1.02,0.00,3.95
32.00,113.69,12.55,1.15,0.00,3.95
32.00,104.17,11.55,1.07,0.00,3.95
32.00,89.00,11.31,1.11,0.00,3.95
32.00,87.90,11.28,1.11,0.00,3.97
21.00,91.99,10.63,1.03,0.00,3.97
49.00,95.68,11.61,1.17,0.00,3.97
26.00,105.77,11.70,1.12,0.00,3.97
21.00,92.24,13.16,1.17,0.00,3.97
32.00,99.90,10.80,1.13,0.00,3.97
32.00,110.99,12.40,1.18,0.00,3.97
32.00,108.16,13.26,1.18,0.00,3.97
32.00,110.19,13.33,1.13,0.00,3.97
32.00,98.26,12.95,1.09,0.00,3.97
32.00,103.72,12.37,1.12,0.00,3.97
21.00,97.91,11.90,1.17,0.00,3.98
32.00,107.49,12.91,1.11,0.00,3.98
21.00,95.35,12.11,1.15,0.00,3.98
32.00,110.79,12.41,1.16,0.00,3.98
32.00,101.74,13.39,1.17,0.00,3.98
32.00,109.74,13.48,1.16,0.00,3.98
32.00,109.66,12.94,1.20,0.00,3.98
32.00,94.99,10.39,1.12,0.00,3.98
26.00,100.90,13.09,1.12,0.00,3.99
21.00,99.49,11.56,1.15,0.00,3.99
21.00,95.99,11.49,1.15,0.00,3.99
21.00,93.53,12.04,1.14,0.00,3.99
21.00,93.82,11.93,1.17,0.00,3.99
32.00,107.24,13.73,1.13,0.00,3.99
32.00,112.17,13.30,1.13,0.00,3.99
32.00,96.99,12.93,1.08,0.00,3.99
32.00,100.38,11.47,1.16,0.00,4.00
21.00,94.59,12.24,1.15,0.00,4.00
21.00,93.81,12.34,1.14,0.00,4.00
21.00,93.49,12.01,1.14,0.00,4.00
32.00,108.90,13.26,1.13,0.00,4.00
32.00,113.19,13.89,1.13,0.00,4.00
32.00,108.17,12.98,1.16,0.00,4.00
32.00,113.39,12.55,1.17,0.00,4.00
32.00,103.27,12.35,1.09,0.00,4.00
32.00,104.72,11.63,1.07,0.00,4.00
32.00,105.79,12.73,1.03,0.00,4.00
32.00,104.72,12.99,1.11,0.00,4.00
32.00,104.99,12.94,1.04,0.00,4.00
32.00,87.99,11.48,1.07,0.00,4.00
32.00,103.17,12.17,1.11,0.00,4.00
32.00,105.27,11.45,1.16,0.00,4.02
21.00,94.54,12.46,1.16,0.00,4.02
32.00,110.90,13.14,1.16,0.00,4.02
21.00,86.99,10.23,1.01,0.00,4.02
32.00,100.53,11.01,1.18,0.00,4.03
32.00,101.08,11.05,1.10,0.00,4.03
32.00,107.24,13.71,1.17,0.00,4.03
32.00,109.54,13.11,1.19,0.00,4.03
21.00,92.83,12.00,1.15,0.00,4.03
21.00,92.91,12.10,1.16,0.00,4.05
32.00,100.72,11.12,1.05,0.00,4.05
32.00,102.07,11.28,1.12,0.00,4.05
32.00,102.53,12.18,1.11,0.00,4.05
32.00,108.49,13.03,1.18,0.00,4.05
32.00,111.99,12.41,1.09,0.00,4.05
21.00,97.29,11.37,1.18,0.00,4.06
32.00,107.54,12.78,1.16,0.00,4.06
32.00,105.99,12.52,1.16,0.00,4.06
32.00,112.54,14.31,1.15,0.00,4.06
32.00,108.58,12.66,1.16,0.00,4.06
32.00,99.74,10.81,1.09,0.00,4.06
32.00,107.89,12.92,1.15,0.00,4.06
32.00,108.57,12.80,1.17,0.00,4.06
21.00,95.35,12.43,1.17,0.00,4.08
32.00,105.08,12.59,1.17,0.00,4.08
21.00,94.16,12.15,1.16,0.00,4.08
32.00,104.61,11.53,1.10,0.00,4.08
32.00,101.49,11.24,1.08,0.00,4.08
21.00,90.91,13.05,1.18,0.00,4.09
21.00,94.74,12.38,1.18,0.00,4.09
32.00,100.66,10.98,1.14,0.00,4.09
32.00,104.17,11.70,1.13,0.00,4.09
32.00,107.07,13.12,1.19,0.00,4.09
32.00,86.44,11.48,1.10,0.00,4.09
32.00,108.66,11.68,1.17,0.00,4.11
32.00,91.35,11.32,1.11,0.00,4.11
21.00,100.09,11.48,1.16,0.00,4.11
32.00,104.66,11.41,1.13,0.00,4.11
32.00,104.58,11.52,1.15,0.00,4.11
32.00,107.91,11.94,1.18,0.00,4.11
21.00,94.44,11.28,1.22,0.00,4.13
32.00,100.32,11.17,1.12,0.00,4.13
32.00,104.24,14.07,1.22,0.00,4.13
32.00,110.91,13.02,1.22,0.00,4.13
21.00,96.49,12.49,1.20,0.00,4.14
32.00,105.58,11.08,1.15,0.00,4.14
32.00,101.53,11.51,1.15,0.00,4.14
32.00,105.88,13.09,1.16,0.00,4.14
32.00,105.26,13.22,1.23,0.00,4.14
32.00,101.26,11.27,1.10,0.00,4.16
32.00,108.99,13.81,1.21,0.00,4.16
32.00,101.25,11.68,1.14,0.00,4.16
32.00,105.74,11.44,1.13,0.00,4.17
32.00,101.66,11.40,1.11,0.00,4.17
32.00,99.33,11.02,1.15,0.00,4.17
32.00,100.81,11.27,1.13,0.00,4.17
32.00,101.33,11.25,1.08,0.00,4.17
32.00,105.08,11.39,1.21,0.00,4.17
32.00,104.26,11.42,1.14,0.00,4.17
32.00,104.76,11.15,1.13,0.00,4.19
32.00,108.08,12.43,1.22,0.00,4.19
32.00,104.26,11.52,1.12,0.00,4.19
32.00,103.75,11.41,1.12,0.00,4.19
32.00,108.33,11.31,1.17,0.00,4.19
32.00,101.66,11.34,1.17,0.00,4.20
32.00,106.17,11.31,1.11,0.00,4.20
32.00,99.16,11.04,1.13,0.00,4.20
32.00,104.44,11.46,1.09,0.00,4.20
32.00,105.41,11.39,1.14,0.00,4.20
32.00,100.53,11.17,1.22,0.00,4.20
32.00,108.08,14.19,1.11,0.00,4.20
21.00,94.49,11.21,1.19,0.00,4.20
32.00,107.91,13.61,1.19,0.00,4.20
32.00,112.49,13.12,1.22,0.00,4.22
32.00,105.16,12.02,1.14,0.00,4.22
32.00,94.99,11.33,1.12,0.00,4.22
32.00,93.30,10.64,1.16,0.00,4.22
32.00,102.99,11.42,1.17,0.00,4.22
32.00,108.45,11.82,1.21,0.00,4.22
32.00,108.66,11.48,1.14,0.00,4.22
32.00,103.00,11.50,1.14,0.00,4.23
32.00,104.63,11.70,1.18,0.00,4.23
32.00,98.90,11.27,1.14,0.00,4.25
32.00,103.68,11.43,1.19,0.00,4.25
32.00,104.24,11.61,1.19,0.00,4.25
32.00,97.77,10.97,1.19,0.00,4.27
32.00,101.91,11.16,1.16,0.00,4.27
32.00,105.92,11.42,1.20,0.00,4.27
32.00,102.61,11.51,1.13,0.00,4.28
32.00,105.49,11.34,1.18,0.00,4.28
32.00,104.99,11.82,1.18,0.00,4.28
32.00,101.16,12.01,1.13,0.00,4.28
32.00,106.91,12.67,1.22,0.00,4.28
21.00,94.41,12.27,1.22,0.00,4.28
32.00,97.76,11.20,1.14,0.00,4.28
32.00,101.99,11.36,1.17,0.00,4.28
32.00,109.41,11.41,1.13,0.00,4.28
32.00,104.99,11.39,1.17,0.00,4.30
32.00,96.32,11.07,1.18,0.00,4.30
32.00,102.49,11.06,1.15,0.00,4.31
32.00,108.58,11.18,1.17,0.00,4.31
32.00,109.99,12.78,1.26,0.00,4.31
32.00,109.61,11.82,1.21,0.00,4.31
32.00,97.92,11.36,1.15,0.00,4.31
32.00,102.68,10.96,1.18,0.00,4.31
32.00,102.91,11.14,1.18,0.00,4.33
32.00,108.84,11.68,1.17,0.00,4.33
21.00,97.63,11.38,1.27,0.00,4.34
21.00,94.41,12.05,1.31,0.00,4.34
32.00,99.38,11.26,1.19,0.00,4.34
32.00,105.08,11.51,1.20,0.00,4.34
32.00,103.92,11.62,1.13,0.00,4.36
32.00,105.68,11.55,1.21,0.00,4.36
32.00,103.33,11.48,1.17,0.00,4.36
32.00,105.15,11.20,1.22,0.00,4.36
32.00,104.61,11.49,1.21,0.00,4.36
32.00,107.99,11.56,1.13,0.00,4.37
21.00,90.08,12.17,1.27,0.00,4.38
32.00,105.91,11.73,1.22,0.00,4.38
32.00,98.07,10.71,1.23,0.00,4.38
32.00,104.17,11.60,1.17,0.00,4.38
32.00,101.30,11.05,1.22,0.00,4.39
32.00,107.68,12.11,1.21,0.00,4.39
32.00,105.76,11.81,1.21,0.00,4.39
32.00,106.07,11.14,1.19,0.00,4.39
32.00,109.08,11.73,1.17,0.00,4.39
32.00,108.18,12.05,1.19,0.00,4.41
32.00,100.68,11.08,1.18,0.00,4.42
32.00,105.76,11.38,1.16,0.00,4.44
32.00,108.41,11.84,1.21,0.00,4.44
32.00,105.41,11.12,1.26,0.00,4.44
32.00,105.30,11.36,1.27,0.00,4.44
32.00,108.22,11.79,1.25,0.00,4.44
32.00,101.83,11.33,1.15,0.00,4.44
32.00,106.13,11.56,1.25,0.00,4.44
32.00,103.63,11.35,1.18,0.00,4.44
32.00,108.22,11.36,1.25,0.00,4.45
32.00,108.16,12.04,1.22,0.00,4.45
32.00,105.07,11.86,1.25,0.00,4.45
32.00,110.99,11.62,1.25,0.00,4.47
32.00,105.91,10.72,1.21,0.00,4.47
32.00,105.74,11.46,1.21,0.00,4.47
32.00,104.99,11.45,1.17,0.00,4.48
32.00,108.15,11.79,1.22,0.00,4.49
32.00,103.56,11.34,1.26,0.00,4.49
32.00,102.99,11.48,1.21,0.00,4.49
49.00,92.85,11.88,1.28,0.00,4.50
32.00,105.30,11.51,1.26,0.00,4.52
32.00,105.38,11.72,1.21,0.00,4.52
32.00,105.68,11.22,1.22,0.00,4.52
32.00,105.41,11.62,1.20,0.00,4.52
49.00,94.39,11.91,1.32,0.00,4.53
32.00,107.63,11.39,1.26,0.00,4.53
32.00,108.13,11.96,1.25,0.00,4.53
32.00,108.45,11.67,1.26,0.00,4.53
32.00,106.21,11.40,1.28,0.00,4.53
49.00,94.46,11.85,1.29,0.00,4.55
32.00,99.99,11.34,1.25,0.00,4.55
32.00,106.15,11.04,1.25,0.00,4.55
32.00,107.76,10.83,1.28,0.00,4.56
32.00,105.42,11.55,1.27,0.00,4.56
32.00,106.22,11.32,1.24,0.00,4.56
32.00,106.72,11.32,1.26,0.00,4.58
32.00,108.66,12.04,1.26,0.00,4.58
32.00,102.92,11.49,1.23,0.00,4.58
32.00,108.38,11.60,1.23,0.00,4.58
32.00,100.75,11.21,1.22,0.00,4.58
32.00,105.58,11.52,1.20,0.00,4.58
32.00,105.58,11.46,1.22,0.00,4.58
32.00,107.35,11.80,1.33,0.00,4.58
49.00,95.85,11.79,1.31,0.00,4.59
32.00,109.56,11.48,1.25,0.00,4.59
49.00,92.99,11.72,1.37,0.00,4.59
32.00,104.92,11.08,1.29,0.00,4.59
32.00,106.30,11.42,1.29,0.00,4.61
32.00,102.53,11.33,1.22,0.00,4.61
32.00,108.91,11.62,1.24,0.00,4.61
32.00,100.58,11.16,1.18,0.00,4.61
32.00,107.14,11.65,1.32,0.00,4.63
32.00,107.16,10.89,1.24,0.00,4.63
49.00,94.12,12.01,1.35,0.00,4.64
49.00,92.84,12.05,1.31,0.00,4.64
49.00,93.42,12.56,1.30,0.00,4.64
32.00,106.15,10.92,1.27,0.00,4.64
32.00,108.15,11.97,1.26,0.00,4.64
32.00,108.69,11.20,1.31,0.00,4.66
32.00,109.66,11.00,1.24,0.00,4.66
32.00,107.20,11.35,1.34,0.00,4.66
32.00,108.38,11.21,1.28,0.00,4.66
32.00,103.41,11.43,1.22,0.00,4.66
32.00,107.77,11.21,1.35,0.00,4.67
32.00,108.92,12.01,1.34,0.00,4.67
49.00,93.35,12.37,1.32,0.00,4.67
49.00,92.53,12.19,1.31,0.00,4.67
32.00,106.70,10.89,1.28,0.00,4.67
49.00,95.26,11.05,1.36,0.00,4.69
49.00,96.24,11.56,1.40,0.00,4.69
49.00,94.14,11.83,1.34,0.00,4.69
32.00,108.07,11.15,1.30,0.00,4.69
32.00,105.99,11.16,1.26,0.00,4.69
32.00,103.20,11.31,1.27,0.00,4.69
32.00,103.07,11.08,1.27,0.00,4.69
32.00,105.84,11.62,1.30,0.00,4.70
32.00,105.45,11.40,1.26,0.00,4.72
32.00,107.22,11.05,1.29,0.00,4.72
32.00,110.07,11.39,1.30,0.00,4.72
32.00,105.35,11.11,1.31,0.00,4.72
32.00,108.06,10.94,1.32,0.00,4.72
32.00,106.42,11.29,1.29,0.00,4.72
49.00,96.60,11.45,1.32,0.00,4.74
49.00,96.06,11.63,1.34,0.00,4.75
49.00,93.22,12.45,1.36,0.00,4.75
49.00,93.21,12.33,1.35,0.00,4.75
32.00,107.30,11.76,1.37,0.00,4.75
32.00,99.61,10.91,1.22,0.00,4.75
49.00,96.43,12.13,1.34,0.00,4.75
49.00,96.35,11.26,1.36,0.00,4.75
49.00,95.92,11.71,1.38,0.00,4.77
32.00,110.16,11.50,1.34,0.00,4.77
49.00,93.91,11.91,1.35,0.00,4.77
49.00,92.99,11.51,1.32,0.00,4.78
32.00,107.99,11.67,1.32,0.00,4.78
49.00,95.81,11.42,1.33,0.00,4.78
32.00,109.34,11.60,1.33,0.00,4.78
49.00,93.35,12.58,1.39,0.00,4.80
32.00,107.61,11.09,1.34,0.00,4.80
49.00,96.64,11.39,1.40,0.00,4.81
32.00,107.45,11.21,1.32,0.00,4.81
32.00,106.15,11.21,1.33,0.00,4.81
49.00,93.06,11.76,1.34,0.00,4.81
32.00,106.15,11.61,1.32,0.00,4.81
49.00,93.86,11.86,1.46,0.00,4.83
32.00,106.35,10.80,1.29,0.00,4.83
32.00,108.06,11.37,1.35,0.00,4.83
32.00,104.84,11.70,1.31,0.00,4.83
49.00,91.46,12.71,1.37,0.00,4.83
32.00,111.06,11.19,1.36,0.00,4.83
49.00,93.42,12.01,1.39,0.00,4.84
49.00,91.71,12.13,1.37,0.00,4.84
49.00,95.84,11.40,1.33,0.00,4.84
32.00,108.06,12.07,1.30,0.00,4.84
49.00,95.07,11.80,1.38,0.00,4.86
49.00,93.52,12.05,1.35,0.00,4.86
49.00,93.86,11.75,1.39,0.00,4.86
32.00,108.27,11.05,1.40,0.00,4.86
49.00,91.64,12.62,1.43,0.00,4.86
49.00,93.19,12.25,1.42,0.00,4.86
32.00,109.24,11.35,1.30,0.00,4.86
49.00,93.14,11.91,1.44,0.00,4.88
32.00,107.91,11.16,1.30,0.00,4.88
32.00,107.77,11.46,1.39,0.00,4.88
32.00,95.56,11.57,1.42,0.00,4.88
49.00,95.91,10.98,1.34,0.00,4.88
32.00,105.70,11.04,1.37,0.00,4.89
32.00,108.35,11.47,1.31,0.00,4.89
32.00,110.52,11.83,1.38,0.00,4.91
49.00,93.07,11.71,1.43,0.00,4.91
32.00,105.42,11.07,1.37,0.00,4.91
32.00,103.71,10.61,1.33,0.00,4.91
32.00,106.92,11.24,1.33,0.00,4.91
32.00,110.26,11.46,1.35,0.00,4.92
49.00,93.06,12.02,1.47,0.00,4.92
49.00,95.76,11.34,1.43,0.00,4.92
49.00,94.26,12.63,1.41,0.00,4.92
32.00,94.37,11.55,1.43,0.00,4.92
32.00,103.92,11.28,1.38,0.00,4.92
49.00,93.64,11.50,1.34,0.00,4.94
32.00,104.42,11.58,1.38,0.00,4.94
32.00,95.87,11.52,1.38,0.00,4.94
49.00,95.85,11.53,1.41,0.00,4.94
49.00,92.09,12.02,1.38,0.00,4.94
49.00,92.49,12.03,1.37,0.00,4.95
49.00,90.64,12.82,1.37,0.00,4.97
32.00,109.06,11.16,1.37,0.00,4.97
32.00,106.14,11.14,1.34,0.00,4.97
49.00,96.14,12.04,1.51,0.00,4.98
32.00,110.42,11.30,1.36,0.00,4.99
32.00,107.53,11.12,1.33,0.00,4.99
32.00,109.63,11.53,1.39,0.00,4.99
49.00,94.33,11.37,1.39,0.00,5.00
32.00,95.52,11.66,1.39,0.00,5.00
49.00,92.28,11.46,1.37,0.00,5.02
32.00,106.93,11.25,1.39,0.00,5.02
32.00,94.57,11.47,1.44,0.00,5.02
32.00,94.66,11.33,1.45,0.00,5.03
49.00,93.19,11.98,1.39,0.00,5.05
49.00,95.49,12.21,1.44,0.00,5.05
32.00,96.28,11.79,1.44,0.00,5.05
32.00,95.59,11.78,1.44,0.00,5.05
49.00,93.93,12.49,1.46,0.00,5.06
49.00,94.25,12.06,1.50,0.00,5.06
49.00,96.53,10.99,1.43,0.00,5.06
49.00,93.99,12.26,1.40,0.00,5.08
49.00,94.00,12.04,1.55,0.00,5.08
32.00,94.93,11.42,1.48,0.00,5.08
32.00,107.76,11.49,1.37,0.00,5.08
32.00,108.34,11.55,1.35,0.00,5.08
49.00,93.59,12.21,1.48,0.00,5.09
49.00,95.92,11.69,1.46,0.00,5.11
32.00,94.44,11.50,1.49,0.00,5.11
49.00,93.79,12.16,1.46,0.00,5.11
49.00,93.92,11.80,1.41,0.00,5.11
49.00,91.19,12.67,1.42,0.00,5.11
32.00,95.52,11.63,1.43,0.00,5.11
32.00,95.46,11.53,1.41,0.00,5.11
49.00,97.28,11.83,1.54,0.00,5.12
32.00,96.52,11.79,1.42,0.00,5.13
32.00,91.92,11.23,1.45,0.00,5.13
32.00,105.13,11.61,1.40,0.00,5.13
49.00,93.79,11.68,1.46,0.00,5.13
49.00,94.19,11.97,1.48,0.00,5.13
32.00,95.39,11.45,1.42,0.00,5.13
49.00,96.59,12.35,1.48,0.00,5.14
32.00,95.00,11.56,1.46,0.00,5.14
49.00,91.12,12.08,1.51,0.00,5.16
49.00,93.64,11.80,1.46,0.00,5.16
49.00,93.75,11.45,1.52,0.00,5.16
49.00,95.35,11.04,1.48,0.00,5.16
32.00,95.52,11.61,1.46,0.00,5.16
49.00,93.75,11.88,1.48,0.00,5.17
49.00,93.78,11.78,1.55,0.00,5.17
32.00,90.29,10.97,1.46,0.00,5.19
49.00,94.13,12.32,1.48,0.00,5.19
32.00,94.46,11.41,1.44,0.00,5.19
32.00,95.46,11.30,1.45,0.00,5.19
32.00,95.75,11.90,1.49,0.00,5.19
49.00,93.72,11.72,1.36,0.00,5.19
49.00,93.66,12.17,1.52,0.00,5.20
49.00,93.85,12.49,1.44,0.00,5.20
32.00,95.28,11.60,1.45,0.00,5.20
32.00,96.39,11.56,1.43,0.00,5.20
49.00,94.25,11.57,1.58,0.00,5.20
49.00,95.83,11.04,1.51,0.00,5.20
32.00,95.79,11.53,1.48,0.00,5.22
32.00,95.78,11.54,1.49,0.00,5.22
49.00,94.62,11.80,1.48,0.00,5.22
32.00,95.62,11.95,1.46,0.00,5.22
32.00,94.62,11.44,1.47,0.00,5.22
49.00,94.62,11.82,1.50,0.00,5.23
32.00,95.65,11.85,1.44,0.00,5.23
32.00,96.50,11.72,1.50,0.00,5.23
49.00,93.59,11.87,1.51,0.00,5.24
32.00,108.71,11.40,1.47,0.00,5.24
32.00,95.46,11.35,1.50,0.00,5.25
49.00,93.72,11.93,1.51,0.00,5.25
32.00,95.06,11.34,1.35,0.00,5.25
32.00,96.28,11.57,1.47,0.00,5.25
32.00,95.87,11.47,1.45,0.00,5.25
32.00,95.00,11.59,1.55,0.00,5.25
49.00,93.81,11.53,1.52,0.00,5.25
49.00,96.46,12.16,1.56,0.00,5.27
49.00,93.99,11.31,1.56,0.00,5.27
49.00,93.14,11.56,1.48,0.00,5.27
49.00,93.79,12.17,1.54,0.00,5.27
32.00,96.46,11.74,1.49,0.00,5.27
49.00,93.75,11.99,1.52,0.00,5.28
32.00,95.40,11.03,1.51,0.00,5.28
49.00,93.86,11.91,1.59,0.00,5.28
49.00,94.00,12.32,1.60,0.00,5.30
49.00,96.06,11.02,1.59,0.00,5.30
49.00,96.33,11.51,1.52,0.00,5.30
49.00,96.66,11.48,1.50,0.00,5.30
49.00,94.06,11.92,1.53,0.00,5.30
32.00,94.81,11.68,1.45,0.00,5.30
32.00,93.50,11.48,1.52,0.00,5.30
49.00,96.42,11.82,1.50,0.00,5.31
32.00,93.87,11.16,1.46,0.00,5.31
49.00,93.52,11.87,1.59,0.00,5.31
49.00,83.52,11.14,1.63,0.00,5.33
49.00,93.87,12.22,1.52,0.00,5.33
32.00,92.72,11.29,1.48,0.00,5.33
32.00,95.31,11.41,1.51,0.00,5.33
32.00,96.19,11.59,1.50,0.00,5.33
49.00,96.32,11.42,1.59,0.00,5.34
49.00,97.13,12.06,1.54,0.00,5.34
49.00,94.50,12.39,1.51,0.00,5.34
49.00,94.31,11.33,1.54,0.00,5.34
49.00,93.86,11.88,1.59,0.00,5.34
32.00,95.62,11.67,1.52,0.00,5.34
32.00,94.64,11.25,1.47,0.00,5.34
49.00,93.93,11.41,1.52,0.00,5.36
32.00,96.18,11.72,1.48,0.00,5.36
49.00,94.25,12.05,1.52,0.00,5.36
32.00,95.62,11.61,1.53,0.00,5.36
49.00,93.68,11.68,1.61,0.00,5.37
49.00,94.93,12.68,1.57,0.00,5.38
49.00,91.31,12.42,1.54,0.00,5.38
32.00,95.74,11.78,1.48,0.00,5.38
32.00,96.06,11.77,1.52,0.00,5.38
32.00,95.73,11.49,1.51,0.00,5.38
32.00,97.06,11.60,1.54,0.00,5.38
32.00,91.29,11.21,1.58,0.00,5.38
32.00,95.64,11.57,1.53,0.00,5.39
49.00,93.92,11.89,1.61,0.00,5.41
49.00,96.00,11.37,1.60,0.00,5.41
32.00,95.12,11.51,1.54,0.00,5.41
49.00,94.12,11.65,1.59,0.00,5.42
49.00,93.79,11.95,1.54,0.00,5.42
32.00,95.84,11.73,1.51,0.00,5.42
32.00,95.39,11.53,1.50,0.00,5.42
49.00,93.75,11.44,1.58,0.00,5.44
49.00,95.99,11.77,1.60,0.00,5.44
32.00,96.19,11.43,1.53,0.00,5.44
49.00,94.06,12.26,1.62,0.00,5.44
49.00,93.79,11.87,1.53,0.00,5.45
49.00,94.00,11.89,1.60,0.00,5.45
49.00,93.93,11.71,1.46,0.00,5.45
49.00,91.70,11.75,1.66,0.00,5.47
49.00,96.21,11.00,1.55,0.00,5.48
49.00,96.11,11.24,1.62,0.00,5.48
49.00,93.70,11.95,1.63,0.00,5.48
49.00,94.75,12.24,1.59,0.00,5.48
49.00,93.28,12.24,1.57,0.00,5.49
49.00,93.81,11.99,1.61,0.00,5.49
32.00,95.87,11.77,1.55,0.00,5.49
49.00,95.75,11.59,1.62,0.00,5.50
49.00,94.18,11.92,1.55,0.00,5.50
49.00,96.59,12.03,1.59,0.00,5.50
49.00,95.39,11.39,1.56,0.00,5.50
49.00,93.93,12.27,1.64,0.00,5.50
49.00,93.75,12.14,1.58,0.00,5.50
49.00,94.11,11.82,1.56,0.00,5.52
32.00,95.06,11.36,1.52,0.00,5.52
32.00,95.06,11.35,1.58,0.00,5.52
32.00,96.00,11.87,1.56,0.00,5.52
32.00,95.53,11.59,1.55,0.00,5.52
32.00,94.78,11.31,1.56,0.00,5.52
32.00,94.81,11.59,1.55,0.00,5.52
49.00,96.66,11.50,1.57,0.00,5.53
49.00,96.19,11.26,1.59,0.00,5.53
32.00,94.52,11.52,1.56,0.00,5.55
49.00,93.39,12.01,1.59,0.00,5.56
49.00,95.72,11.46,1.61,0.00,5.56
32.00,94.99,11.64,1.57,0.00,5.56
49.00,93.71,12.09,1.67,0.00,5.56
32.00,94.68,11.49,1.52,0.00,5.56
49.00,92.52,12.27,1.64,0.00,5.58
32.00,95.87,11.57,1.54,0.00,5.58
49.00,92.23,11.89,1.60,0.00,5.59
49.00,93.88,12.14,1.60,0.00,5.61
32.00,92.45,11.28,1.48,0.00,5.61
49.00,93.93,11.40,1.71,0.00,5.63
49.00,93.50,11.25,1.67,0.00,5.63
49.00,93.87,11.63,1.61,0.00,5.64
49.00,93.64,10.96,1.61,0.00,5.64
49.00,90.92,11.99,1.62,0.00,5.64
49.00,93.78,11.63,1.68,0.00,5.66
49.00,95.73,11.35,1.61,0.00,5.66
49.00,95.92,11.53,1.70,0.00,5.66
49.00,93.62,12.26,1.63,0.00,5.66
49.00,93.68,11.32,1.72,0.00,5.67
49.00,93.62,11.81,1.72,0.00,5.69
49.00,91.70,11.72,1.67,0.00,5.69
49.00,94.11,11.74,1.61,0.00,5.69
49.00,93.93,11.61,1.69,0.00,5.69
49.00,94.18,12.32,1.64,0.00,5.69
49.00,96.12,11.71,1.62,0.00,5.70
49.00,93.52,11.42,1.66,0.00,5.70
49.00,95.64,10.89,1.66,0.00,5.72
49.00,93.70,11.48,1.66,0.00,5.72
49.00,95.87,11.42,1.62,0.00,5.74
49.00,94.00,11.37,1.65,0.00,5.75
49.00,93.56,11.75,1.68,0.00,5.75
49.00,93.93,11.63,1.66,0.00,5.75
49.00,93.76,11.26,1.69,0.00,5.77
49.00,94.05,11.74,1.74,0.00,5.78
49.00,94.21,11.60,1.72,0.00,5.80
49.00,94.34,11.49,1.71,0.00,5.80
49.00,91.66,12.05,1.74,0.00,5.83
49.00,94.05,11.57,1.71,0.00,5.84
49.00,80.81,11.65,1.75,0.00,5.84
49.00,93.86,11.44,1.76,0.00,5.84
49.00,80.99,11.64,1.75,0.00,5.86
49.00,94.37,11.64,1.76,0.00,5.86
49.00,94.05,11.70,1.69,0.00,5.86
49.00,95.62,10.94,1.70,0.00,5.86
49.00,91.66,12.18,1.72,0.00,5.86
49.00,91.43,12.43,1.70,0.00,5.86
49.00,93.87,11.52,1.68,0.00,5.88
49.00,94.34,11.79,1.66,0.00,5.88
49.00,95.56,11.16,1.71,0.00,5.89
49.00,94.12,11.64,1.73,0.00,5.89
49.00,94.55,11.60,1.77,0.00,5.89
49.00,93.88,11.59,1.71,0.00,5.91
49.00,93.93,11.45,1.62,0.00,5.92
49.00,95.89,10.89,1.81,0.00,5.92
49.00,94.41,11.94,1.72,0.00,5.92
49.00,93.18,11.70,1.78,0.00,5.94
49.00,94.05,12.13,1.70,0.00,5.94
49.00,93.35,12.06,1.80,0.00,5.94
49.00,83.16,10.78,1.82,0.00,5.94
49.00,80.46,11.70,1.81,0.00,5.94
49.00,96.06,11.77,1.78,0.00,5.94
49.00,83.38,10.87,1.77,0.00,5.95
49.00,93.70,11.69,1.72,0.00,5.95
49.00,93.93,11.86,1.68,0.00,5.95
49.00,81.55,11.33,1.78,0.00,5.95
49.00,82.99,11.14,1.75,0.00,5.97
49.00,93.66,11.12,1.64,0.00,5.97
49.00,83.70,10.88,1.74,0.00,5.98
49.00,95.70,10.97,1.74,0.00,5.99
49.00,96.11,11.25,1.72,0.00,6.00
49.00,93.75,11.57,1.72,0.00,6.00
49.00,93.99,11.77,1.82,0.00,6.00
49.00,92.41,12.27,1.78,0.00,6.02
49.00,83.10,11.09,1.82,0.00,6.02
49.00,80.29,12.05,1.76,0.00,6.02
49.00,95.81,11.18,1.74,0.00,6.02
49.00,83.49,11.17,1.85,0.00,6.05
49.00,83.52,10.92,1.84,0.00,6.05
49.00,96.06,11.93,1.73,0.00,6.06
49.00,94.05,11.49,1.76,0.00,6.06
49.00,93.99,11.67,1.76,0.00,6.09
49.00,80.64,11.89,1.79,0.00,6.09
49.00,81.15,11.14,1.83,0.00,6.09
49.00,81.66,11.11,1.83,0.00,6.09
49.00,83.49,10.89,1.78,0.00,6.11
49.00,83.66,11.44,1.79,0.00,6.11
49.00,95.87,11.26,1.80,0.00,6.11
49.00,81.54,11.40,1.78,0.00,6.11
49.00,94.58,11.88,1.74,0.00,6.13
49.00,80.61,11.47,1.79,0.00,6.13
49.00,79.04,11.13,1.85,0.00,6.14
49.00,95.77,11.22,1.79,0.00,6.14
49.00,81.99,10.52,1.79,0.00,6.16
49.00,95.87,11.73,1.77,0.00,6.16
49.00,83.29,11.32,1.80,0.00,6.16
49.00,80.70,11.27,1.89,0.00,6.16
49.00,80.50,11.19,1.80,0.00,6.17
49.00,83.37,11.16,1.77,0.00,6.17
49.00,81.46,11.03,1.86,0.00,6.17
49.00,81.55,11.34,1.84,0.00,6.17
49.00,80.72,11.19,1.81,0.00,6.17
49.00,83.46,10.86,1.88,0.00,6.19
49.00,93.99,11.30,1.73,0.00,6.19
49.00,82.39,11.16,1.91,0.00,6.19
49.00,81.72,10.94,1.91,0.00,6.20
49.00,81.38,11.19,1.81,0.00,6.20
49.00,80.55,11.51,1.83,0.00,6.20
49.00,81.30,11.34,1.85,0.00,6.20
49.00,80.66,11.35,1.82,0.00,6.20
49.00,80.55,11.87,1.79,0.00,6.22
49.00,83.34,10.89,1.88,0.00,6.22
49.00,80.99,11.57,1.81,0.00,6.23
49.00,83.20,11.38,1.81,0.00,6.24
49.00,82.93,11.00,1.84,0.00,6.25
49.00,80.37,11.93,1.79,0.00,6.25
49.00,80.88,11.12,1.82,0.00,6.25
49.00,83.15,11.17,1.86,0.00,6.27
49.00,83.30,10.84,1.93,0.00,6.27
49.00,79.36,11.43,1.83,0.00,6.27
49.00,83.55,11.21,1.83,0.00,6.28
49.00,83.44,11.00,1.80,0.00,6.28
49.00,81.16,11.03,1.84,0.00,6.28
49.00,81.22,10.97,1.90,0.00,6.28
49.00,81.15,11.02,1.93,0.00,6.30
49.00,80.57,11.94,1.87,0.00,6.30
49.00,82.88,11.14,1.83,0.00,6.30
49.00,81.31,11.74,1.83,0.00,6.31
49.00,84.04,10.86,1.88,0.00,6.31
49.00,81.72,11.12,1.87,0.00,6.31
49.00,80.83,11.74,1.87,0.00,6.34
49.00,83.49,11.08,1.83,0.00,6.38
49.00,80.60,11.36,1.87,0.00,6.39
49.00,81.44,11.18,1.93,0.00,6.39
49.00,80.46,11.14,1.86,0.00,6.41
49.00,81.09,10.91,1.85,0.00,6.41
49.00,82.77,11.29,1.88,0.00,6.41
49.00,80.94,11.47,1.87,0.00,6.41
49.00,83.04,10.97,1.90,0.00,6.44
49.00,80.61,11.32,1.88,0.00,6.47
49.00,82.52,11.54,1.87,0.00,6.53
49.00,81.17,11.45,1.88,0.00,6.55
49.00,80.66,11.34,1.91,0.00,6.58
49.00,83.55,10.93,1.95,0.00,6.58
21.00,0.00,0.00,2.46,0.00,11.95
21.00,0.00,0.00,2.73,0.00,12.17
21.00,74.66,11.00,2.28,0.00,12.61
32.00,0.00,0.00,1.52,0.00,12.81
32.00,105.66,11.33,3.80,0.00,12.81
32.00,107.66,13.83,3.40,0.00,13.05
26.00,108.33,15.37,3.47,0.00,13.14
49.00,89.79,13.06,3.49,0.00,14.08
49.00,96.19,11.30,3.82,0.01,14.28
21.00,103.12,13.36,4.02,0.01,14.31
32.00,94.88,11.92,4.09,0.00,14.58
32.00,110.36,13.56,4.17,0.00,14.73
21.00,102.62,13.12,4.00,0.01,14.80
21.00,101.66,11.99,3.81,0.01,14.80
21.00,110.99,12.75,3.79,0.00,14.86
21.00,103.62,13.46,3.71,0.01,15.02
21.00,94.86,11.22,4.24,0.00,15.02
49.00,98.88,11.71,4.01,0.00,15.03
21.00,95.77,11.54,4.24,0.00,15.05
32.00,102.87,13.65,4.19,0.01,15.11
21.00,100.66,12.77,3.83,0.01,15.17
32.00,102.22,11.02,4.28,0.00,15.95
21.00,97.35,11.59,4.53,0.00,16.06
21.00,102.91,10.83,4.70,0.00,16.08
21.00,99.99,11.54,4.74,0.00,16.19
21.00,98.83,11.49,4.71,0.01,16.36
21.00,98.08,11.43,4.68,0.01,16.41
21.00,102.49,11.21,4.63,0.01,16.52
26.00,101.50,12.66,4.65,0.00,16.52
26.00,103.64,12.31,4.75,0.00,16.53
49.00,80.99,11.47,4.76,0.00,16.55
26.00,107.41,11.77,4.77,0.00,16.65
21.00,94.22,12.65,4.62,0.01,16.66
26.00,104.41,11.44,4.33,0.00,16.75
26.00,107.49,11.35,4.96,0.00,16.97
32.00,107.50,11.73,4.70,0.00,17.02
49.00,95.39,11.43,4.99,0.01,17.04
26.00,104.66,14.40,4.25,0.00,17.22
26.00,105.87,11.60,4.92,0.00,17.31
32.00,108.05,12.26,4.69,0.00,17.38
32.00,104.15,12.07,4.79,0.00,17.52
32.00,109.11,13.29,4.79,0.00,17.72
21.00,105.33,12.67,4.30,0.00,17.89
21.00,105.57,11.33,5.01,0.01,18.05
26.00,111.99,12.60,3.65,0.00,18.13
21.00,101.42,11.73,5.21,0.01,18.22
21.00,121.19,13.78,4.52,0.00,18.45
21.00,97.85,12.16,5.22,0.01,19.17
32.00,109.62,12.32,5.42,0.00,19.94
49.00,94.36,12.05,5.38,0.01,20.06
32.00,106.71,10.98,5.00,0.01,20.30
