0.28,21,109.99,12.3,4.79,0.09,0,0,0
0.28,21,88.99,10.2,3.59,0.08,0,0,0
0.34,49,81,10.2,2.96,0.11,0,0,0
0.36,32,111.99,13.9,7.53,0.11,0,0,0
0.56,32,97.49,11.75,4.81,0.18,0,0,0
0.58,21,102.49,11.9,4.78,0.17,0,0.01,232.31
1.23,32,107.99,11.3,4.81,0.39,0,0,542.35
1.3,32,89.99,10.9,4.36,0.41,0,0,0
1.39,21,102.74,10.48,3.85,0.43,0,0,453.14
1.42,32,106.74,11.78,5.01,0.44,0,0,0
1.47,21,92.74,12.2,4.53,0.43,0,0,282.86
1.49,21,104.25,13.43,4.35,0.41,0,0,0
1.49,32,107.39,11.22,4.8,0.45,0,0,669.42
1.5,21,99.59,13.86,4.48,0.37,0,0,0
1.5,26,105.39,11.24,3.81,0.46,0,0.01,207.83
1.52,21,97.74,13.78,4.23,0.39,0,0,0
1.52,21,97.19,14.2,4.81,0.41,0,0,0
1.53,21,108.49,12.2,4.11,0.4,0,0,0
1.53,21,106.99,12.4,4.53,0.41,0,0,0
1.55,21,97.99,13.68,4.16,0.4,0,0,0
1.56,21,101.59,13.22,4.31,0.41,0,0,0
1.56,21,99.99,13.65,4.16,0.4,0,0,0
1.56,21,96.74,14.75,4.11,0.4,0,0,0
1.56,21,104.49,14.33,5.29,0.42,0,0,0
1.58,21,106.19,12.54,4.5,0.4,0,0,0
1.58,21,101.79,13.76,4.6,0.4,0,0,0
1.59,21,104.24,13.38,4.95,0.42,0,0,0
1.61,21,98.59,14.5,5.1,0.42,0,0,0
1.63,21,95.39,14.46,4.86,0.38,0,0,0
1.64,21,100.49,13.43,4.39,0.42,0,0,0
1.64,21,99.79,13.7,4.38,0.41,0,0,0
1.64,21,96.24,14.2,3.93,0.42,0,0,0
1.66,21,107.79,12.64,4.8,0.42,0,0,0
1.66,21,93.8,14.86,4.37,0.43,0,0,0
1.66,21,104.39,13.18,4.81,0.42,0,0,0
1.66,21,95.49,15.68,4.64,0.44,0,0,0
1.67,21,100.99,13.42,3.98,0.45,0,0,0
1.69,21,103.39,13.08,4.53,0.43,0,0,0
1.69,21,98.74,14.25,3.91,0.42,0,0,0
1.69,21,95.74,14.35,4.33,0.4,0,0,0
1.7,21,102.74,13.4,4.04,0.42,0,0,0
1.7,21,99.79,13.24,4.53,0.43,0,0,0
1.72,21,101,13.88,4.43,0.46,0,0,0
1.72,21,103.74,12.65,4.79,0.45,0,0,0
1.72,21,96.24,14.78,4.08,0.44,0,0,0
1.73,21,97.24,13.83,4.72,0.4,0,0,0
1.73,21,103.5,14.1,4.67,0.46,0,0,0
1.75,21,99.33,13.43,4.34,0.49,0,0.01,190.62
1.75,21,111.79,13.84,4.28,0.45,0,0.01,162.86
1.75,21,94.99,14.88,4.75,0.46,0,0,0
1.77,21,101.16,13.72,4.58,0.46,0,0,0
1.77,21,105.49,13.9,4.89,0.45,0,0,0
1.77,21,98.49,14.5,4.41,0.43,0,0,0
1.78,21,99.39,12.8,4.55,0.46,0,0,0
1.78,21,103,13.02,4.25,0.45,0,0,0
1.78,21,105.24,13.25,4.09,0.45,0,0,0
1.78,21,94.59,15.4,4.56,0.45,0,0,0
1.78,21,108.83,10.73,4.2,0.53,0,0.01,210.59
1.8,21,107.39,12.94,4.2,0.46,0,0.01,182.85
1.8,21,110.19,12.68,4.73,0.44,0,0.01,147.08
1.8,21,94.59,14.64,4.52,0.46,0,0,0
1.81,21,106.99,12.2,4.03,0.42,0,0,0
1.81,21,96.4,14.8,4.61,0.48,0,0,0
1.81,21,120.79,12.7,4.85,0.47,0,0.01,161.48
1.81,21,99.39,14.16,4.61,0.45,0,0,0
1.81,21,103.74,13.28,4.95,0.46,0,0,0
1.81,21,122.59,13.24,5.18,0.48,0,0.01,178.51
1.83,21,99.79,13.74,4.24,0.43,0,0,0
1.83,21,98.79,13.68,4.38,0.45,0,0,0
1.83,21,93,15.28,4.48,0.44,0,0,0
1.84,21,108.59,12.72,4.7,0.44,0,0,0
1.84,21,107.99,12.3,4.19,0.45,0,0,0
1.84,21,106.19,12.7,3.97,0.47,0,0,0
1.84,21,97.99,14.74,4.51,0.48,0,0,0
1.84,21,104.59,13.54,4.29,0.47,0,0,0
1.86,21,98.2,14.8,4.31,0.5,0,0,0
1.86,21,106.79,12.22,4.25,0.48,0,0,0
1.86,21,96.2,14.82,4.65,0.49,0,0,0
1.88,21,99.39,13.56,4.67,0.45,0,0,0
1.88,21,114.2,13.16,3.88,0.46,0,0.01,158.19
1.88,21,110.32,13.68,5.12,0.49,0,0.01,190.68
1.89,21,105.24,12.33,4.01,0.45,0,0,0
1.89,21,104.99,12.48,4.44,0.47,0,0,0
1.89,21,107.5,12.35,4.38,0.45,0,0,0
1.89,21,104.83,10.83,4.13,0.58,0,0.01,204.77
1.89,21,97.19,14.52,4.41,0.49,0,0,0
1.89,21,119.99,12.22,3.74,0.48,0,0.01,154.35
1.89,21,104.79,13.86,4.93,0.51,0,0,0
1.89,21,98.2,14.84,4.46,0.49,0,0,0
1.91,21,107.59,12.24,4.57,0.49,0,0,0
1.91,21,99.39,13.42,4.39,0.48,0,0,0
1.91,21,107.49,12.15,3.68,0.48,0,0,0
1.91,21,106.49,12.2,4.16,0.45,0,0,0
1.91,21,103.99,12.58,4.55,0.44,0,0,0
1.91,21,106.59,12.42,4.14,0.49,0,0.01,157.61
1.91,21,104,13.03,4.82,0.48,0,0,0
1.91,21,96.39,14.76,4.42,0.5,0,0,0
1.91,21,101.83,13.78,4.52,0.51,0,0.01,160.4
1.91,21,103.19,13.46,4.93,0.49,0,0,0
1.91,21,98.39,14.12,4.43,0.48,0,0,0
1.92,21,97.79,13.92,4.32,0.45,0,0,0
1.92,21,107.24,12.1,4.17,0.47,0,0,0
1.92,21,117.33,12.65,4.71,0.51,0,0.01,187.48
1.92,21,103.99,13.4,4.97,0.5,0,0,0
1.92,21,103.59,13.34,5,0.51,0,0,0
1.92,21,97.99,14.56,4.62,0.51,0,0,0
1.92,21,96.79,14.26,4.38,0.49,0,0,0
1.92,21,121.6,12.5,4.51,0.51,0,0.01,159.99
1.94,21,107.16,12.55,4.36,0.52,0,0.01,153.71
1.94,21,108.19,12.68,4.79,0.51,0,0.01,163.32
1.94,21,99.49,13.73,3.73,0.45,0,0,0
1.94,21,108.2,12.58,3.8,0.47,0,0.01,143.28
1.95,21,121.33,12.33,4.54,0.49,0,0.01,189.02
1.95,21,94.19,15.02,4.2,0.52,0,0,0
1.95,21,94.49,14.65,3.74,0.47,0,0,0
1.95,21,103.79,12.76,3.95,0.47,0,0,0
1.95,21,100.99,13.65,4.41,0.51,0,0,0
1.97,21,117.16,13.03,4.64,0.49,0,0.01,160.73
1.97,21,98.19,13.78,4.41,0.48,0,0,0
1.97,21,94.79,14.72,4.31,0.48,0,0,0
1.98,21,100.19,13.92,4.06,0.5,0,0,0
1.98,21,103.19,13.06,4.29,0.5,0,0,0
1.98,21,103.79,12.98,3.88,0.49,0,0,0
1.98,21,109.66,12.65,4.61,0.53,0,0.01,195.35
1.99,21,109.19,12.56,4.4,0.49,0,0,0
1.99,21,109.19,12.52,3.74,0.5,0,0.01,143.9
1.99,21,96.8,14.46,4.45,0.52,0,0,0
2,21,107.99,12.55,4.56,0.49,0,0,0
2,21,98.24,13.93,3.73,0.49,0,0,0
2,21,108.59,12.74,4.62,0.53,0,0.01,164.7
2,21,119.79,12.1,4.48,0.52,0,0.01,190.72
2,21,103.4,12.7,4.82,0.54,0,0,0
2,21,94.59,14.42,4.26,0.52,0,0,0
2,21,97.4,14.28,4.34,0.53,0,0.01,165.57
2.02,21,93.19,15.38,4.31,0.47,0,0,0
2.02,21,104.99,12.8,3.56,0.48,0,0,0
2.02,21,96,14.34,4.51,0.54,0,0,0
2.02,21,98.2,14.08,4.33,0.51,0,0,0
2.02,21,97.39,14.4,4.62,0.53,0,0,0
2.02,21,102.14,13.79,4.36,0.54,0,0.01,156.44
2.02,21,107,11.95,3.63,0.48,0,0,0
2.02,21,107.24,12,4.16,0.48,0,0,0
2.02,21,102.66,13.08,4.67,0.52,0,0,0
2.03,21,94.74,14.9,4.11,0.5,0,0,0
2.03,21,122.39,12.88,5.21,0.5,0,0.01,207.42
2.03,21,117.79,13.08,3.82,0.51,0,0.01,162.18
2.03,21,96.59,13.52,4.11,0.51,0,0.01,155.46
2.03,21,114.99,13.28,4.58,0.52,0,0.01,192.93
2.03,21,109.33,14.03,4.06,0.49,0,0.01,193.79
2.03,21,102.33,14.15,4.69,0.55,0,0.01,165.5
2.03,21,104.79,12.7,4.31,0.51,0,0,0
2.03,21,117.39,12.86,4.35,0.52,0,0.01,158.91
2.03,21,121.79,12.14,4.39,0.47,0,0.01,194.54
2.05,21,115.8,12.84,3.61,0.49,0,0.01,195.63
2.05,21,98.39,13.88,4.38,0.52,0,0.01,162.58
2.06,21,101.39,13.72,4.49,0.53,0,0,0
2.06,21,106.67,12.23,4.37,0.56,0,0.01,183.77
2.06,21,108.33,14.7,4.79,0.51,0,0.01,201.15
2.08,21,98.24,13.73,3.85,0.5,0,0,0
2.08,21,114.25,13.03,3.62,0.5,0,0.01,156.64
2.08,21,103.2,12.44,4.56,0.53,0,0,0
2.08,21,114.39,12.92,4.61,0.51,0,0.01,194.47
2.08,21,108.39,13,4.65,0.51,0,0.01,148.32
2.08,21,116.42,13.07,4.91,0.54,0,0.01,186.85
2.08,21,101.59,13.2,4.05,0.51,0,0,0
2.09,21,119.19,12.92,3.93,0.53,0,0.01,162.1
2.09,21,94.99,14.1,4.22,0.55,0,0,0
2.09,21,96.99,13.6,4.08,0.53,0,0,0
2.09,21,121.19,12.48,4.36,0.53,0,0.01,199.01
2.09,21,104.99,13.38,5.12,0.54,0,0,0
2.09,21,102.14,13.94,4.65,0.59,0,0.01,189.86
2.09,21,111.82,12.93,4.1,0.51,0,0.01,182.68
2.11,21,103.79,13.36,4.25,0.55,0,0.01,165.07
2.11,21,113.99,14.28,4.9,0.52,0,0.01,171.35
2.11,21,110.66,13.2,4.95,0.52,0,0.01,184.5
2.11,21,108.39,12.72,3.9,0.52,0,0.01,181.42
2.13,21,105.79,12.42,4.18,0.53,0,0,0
2.13,21,101.99,13.2,4.16,0.49,0,0,0
2.13,21,119.82,12.85,4.19,0.55,0,0.01,194.49
2.13,21,95.19,15.14,4.46,0.52,0,0,0
2.13,21,104.24,13.53,4.06,0.51,0,0,0
2.14,21,99.39,13.78,4.38,0.52,0,0,0
2.14,21,121.83,13.07,4.5,0.55,0,0.01,201.05
2.14,21,103.66,12.94,4.01,0.55,0,0.01,153.24
2.14,21,120.74,12.25,4.22,0.55,0,0.01,207.59
2.14,21,116,12.93,3.68,0.54,0,0.01,189.5
2.14,21,100.66,13.72,4.44,0.57,0,0.01,157.79
2.14,21,104.49,13.65,4.81,0.51,0,0,0
2.14,21,102.33,12.87,4.57,0.56,0,0.01,188.09
2.14,21,107.59,12.36,4.41,0.57,0,0.01,158.31
2.16,21,116.59,12.66,3.27,0.51,0,0.01,155.37
2.16,21,111.83,12.9,4.5,0.55,0,0.01,182.22
2.16,21,97.59,14.3,4.19,0.53,0,0,0
2.16,21,120.39,12.18,4.33,0.52,0,0.01,161.27
2.17,21,111.16,12.85,4.39,0.57,0,0.01,180.42
2.17,21,109.66,12.37,4.7,0.56,0,0.01,193.72
2.17,21,98.16,13.58,4.27,0.57,0,0.01,152.38
2.17,21,106.19,13.1,4.17,0.52,0,0.01,165.61
2.17,21,96.16,14.23,4.4,0.57,0,0.01,195.5
2.17,21,107.83,13.82,4.48,0.52,0,0.01,188.19
2.17,21,98.99,14.78,4.68,0.55,0,0,0
2.19,21,107.49,12.28,4.21,0.53,0,0,0
2.19,21,103.16,13.07,4.55,0.59,0,0.01,189.91
2.19,21,114.19,13.4,4.93,0.52,0,0.01,168.29
2.19,21,102.66,13.5,4.82,0.56,0,0.01,158.39
2.19,21,101.39,13.48,4.83,0.56,0,0,0
2.19,21,94.99,14.29,4.18,0.58,0,0.01,180.94
2.19,21,121.79,12.64,4.38,0.57,0,0.01,202.56
2.19,21,98.66,14.98,4.98,0.59,0,0.01,208.21
2.19,21,95.66,12.83,4.12,0.58,0,0.01,175.39
2.2,21,115.99,12.87,3.9,0.57,0,0.01,188.52
2.2,21,102.99,12.77,3.89,0.57,0,0.01,150.26
2.2,21,103.49,12.75,4.39,0.57,0,0.01,150.79
2.22,21,99.19,14.18,4.01,0.57,0,0.01,167.45
2.22,21,121.66,11.97,4.01,0.59,0,0.01,183.91
2.22,21,96.49,14.1,4.11,0.6,0,0.01,155.5
2.22,21,92.99,15.15,4.1,0.55,0,0.01,161
2.22,21,108.83,13.03,4.3,0.56,0,0.01,179.17
2.23,21,101.79,14.3,4.85,0.56,0,0,0
2.23,21,109.39,12.52,4.34,0.57,0,0.01,163.04
2.23,21,99.16,13.45,4.09,0.57,0,0.01,152.41
2.23,21,99.66,13.59,4.02,0.57,0,0.01,154.73
2.23,21,100.79,14.17,3.92,0.56,0,0.01,169.98
2.24,21,113.19,13.78,4.48,0.51,0,0.01,171.54
2.25,21,106.33,12.03,4.52,0.58,0,0.01,182.79
2.25,21,99.5,13.53,4.37,0.59,0,0.01,192.35
2.25,21,102.66,12.85,4.32,0.6,0,0.01,188.44
2.25,21,109.24,13.02,3.78,0.56,0,0.01,180.62
2.25,21,118.49,12.45,4.1,0.56,0,0.01,186.33
2.25,21,111.39,13.4,4.59,0.55,0,0.01,196.41
2.25,21,121.8,12.7,4.81,0.56,0,0.01,203.53
2.25,21,115.33,13.52,4.24,0.55,0,0.01,196.92
2.25,21,103,13.54,4.84,0.56,0,0,0
2.25,21,95.5,13.45,3.97,0.6,0,0.01,146.78
2.27,21,100.59,13.7,4.33,0.55,0,0,0
2.27,21,116.16,13.4,4.12,0.57,0,0.01,196.61
2.27,21,114.2,13.7,4.17,0.55,0,0.01,205.85
2.28,21,122.99,12.28,4.6,0.58,0,0.01,198.73
2.28,21,115.13,12.71,4.4,0.58,0,0.01,179.72
2.3,21,103.12,11.22,4.24,0.63,0,0,0
2.3,21,112.99,13.27,4.49,0.59,0,0.01,189.33
2.31,21,107.39,13.12,4.34,0.6,0,0.01,185.4
2.31,21,105.79,12.54,3.9,0.62,0,0.01,157.93
2.31,21,106.19,13.42,5.17,0.57,0,0,0
2.31,21,97.49,14.6,4.64,0.57,0,0,0
2.33,21,98.85,14.01,4.29,0.59,0,0.01,153.9
2.33,21,114.79,13.28,4.43,0.57,0,0.01,200.59
2.33,21,107.79,12.32,3.89,0.6,0,0.01,158.09
2.33,21,100.33,14.07,4.46,0.6,0,0.01,201.61
2.34,21,101.85,11.33,4.37,0.62,0,0,0
2.34,21,102.16,14.44,3.96,0.58,0,0,0
2.34,21,105.83,11.5,3.94,0.64,0,0,0
2.34,21,96.85,14.26,4.15,0.63,0,0.01,184.08
2.36,21,94.85,14.46,4.36,0.62,0,0.01,182.8
2.36,21,118.17,13.58,4.94,0.57,0,0.01,202.74
2.38,21,107.33,12.28,4.11,0.62,0,0.01,188.32
2.38,21,100.79,13.68,3.86,0.63,0,0.01,164.15
2.38,21,121.19,13.34,4.69,0.59,0,0.01,212.73
2.39,21,111.16,12.53,4.58,0.57,0,0.01,175.99
2.39,21,98.83,13.77,4.45,0.59,0,0.01,155.48
2.39,21,106.16,12.92,4.48,0.59,0,0.01,156.71
2.41,21,109.79,12.44,4.32,0.57,0,0.01,179.71
2.42,21,106.33,11.35,4.37,0.67,0,0,0
2.42,21,98.99,14.07,4.42,0.61,0,0.01,185.71
2.42,21,110.66,12.65,4.6,0.58,0,0.01,176.82
2.44,21,101.85,11.19,4.03,0.64,0,0,0
2.44,21,117.49,13.2,3.81,0.61,0,0.01,195.88
2.45,21,101.13,13.27,4.38,0.63,0,0.01,178.95
2.47,26,109.87,11.89,5.39,0.73,0,0,0
2.47,21,100.99,13.8,4.57,0.64,0,0.01,159.28
2.47,21,89.83,13.98,4.36,0.66,0,0.01,179.45
2.47,21,103.49,13.42,4.2,0.62,0,0.01,158.69
2.47,32,108.36,11.84,5.54,0.77,0,0.01,186.54
2.48,21,99.66,13.38,4.4,0.64,0,0.01,152.42
2.48,21,99.99,14.72,4.6,0.61,0,0.01,168.18
2.49,26,103.62,11.39,3.85,0.73,0,0.01,198.74
2.49,21,108.85,12.51,4.44,0.64,0,0.01,181.6
2.5,21,105.99,10.84,4.1,0.68,0,0,0
2.5,21,102.5,12.78,4.85,0.68,0,0,0
2.5,49,95.42,11.43,4.36,0.75,0,0,0
2.5,21,104.66,13.48,4.49,0.62,0,0.01,201.59
2.52,21,106.42,11.46,4.67,0.68,0,0,0
2.52,21,95.99,10.79,3.64,0.69,0,0.01,207.11
2.52,21,105.56,11.59,4.06,0.65,0,0,0
2.52,21,99.49,13.53,3.88,0.61,0,0.01,192.34
2.52,21,97.33,13.67,4.19,0.68,0,0.01,190.03
2.53,21,104.74,12.92,4.95,0.68,0,0,0
2.53,21,106.49,10.95,4.13,0.67,0,0,0
2.53,21,102.42,11.41,4.31,0.66,0,0,0
2.55,21,104.25,11.85,4.91,0.68,0,0,0
2.56,21,105.85,13.34,4.5,0.62,0,0.01,188.29
2.56,21,106.85,11.36,4.43,0.67,0,0,0
2.56,21,99.71,11.23,4.01,0.7,0,0,0
2.58,21,104.42,11.99,3.93,0.67,0,0,0
2.58,21,100,11.15,4.17,0.7,0,0,0
2.58,21,104.85,11.79,4.16,0.66,0,0,0
2.58,21,94.28,11.29,3.83,0.65,0,0,0
2.58,21,105.57,11.74,4.26,0.65,0,0,0
2.58,21,100.99,11.18,4.17,0.69,0,0,0
2.58,21,99.85,11.06,3.65,0.69,0,0,0
2.58,21,100.87,13.09,5.01,0.71,0,0,0
2.58,21,106.56,11.04,4.04,0.67,0,0,0
2.58,21,107.28,12.03,4.66,0.69,0,0,0
2.59,21,111.74,10.49,3.61,0.74,0,0,0
2.59,21,102.28,11.27,3.7,0.66,0,0,0
2.59,21,100.42,11.69,4.07,0.67,0,0,0
2.59,21,100.42,11,3.71,0.68,0,0,0
2.59,21,103.49,11.88,3.51,0.65,0,0,0
2.59,21,105.71,12.53,4.48,0.63,0,0.01,176.55
2.59,21,95.37,10.73,3.6,0.7,0,0.01,170.47
2.61,21,99.99,11.14,3.89,0.67,0,0,0
2.61,21,103.75,12.12,4.02,0.7,0,0,0
2.61,21,99.56,11.06,4.13,0.69,0,0,0
2.61,21,102.42,11.34,4.01,0.72,0,0,0
2.63,21,112.56,10.8,3.89,0.74,0,0,0
2.63,21,105.99,11.59,4.24,0.65,0,0,0
2.63,21,106.33,11.45,4.56,0.64,0,0,0
2.63,26,106.56,12.67,4.08,0.72,0,0.01,158.83
2.63,26,99.75,11.37,4.3,0.8,0,0,0
2.64,21,104.24,12.27,4.36,0.77,0,0.01,222.78
2.64,21,99.57,12.24,4.19,0.73,0,0,0
2.64,21,101.42,11.14,4.27,0.71,0,0,0
2.64,21,100.62,11.15,4.15,0.71,0,0,0
2.64,21,99.28,11.23,3.7,0.7,0,0,0
2.64,21,105.66,11.62,4.21,0.71,0,0,0
2.64,21,100.37,11.13,4.33,0.73,0,0,0
2.66,21,106.66,11.08,4.15,0.7,0,0,0
2.66,21,103.33,11.9,3.37,0.68,0,0,0
2.66,21,92.24,10.9,3.3,0.68,0,0.01,167.58
2.66,21,89.99,10.08,3.73,0.71,0,0,226.67
2.66,21,106.12,11.75,3.98,0.69,0,0,0
2.66,21,106.57,11.26,4.61,0.69,0,0,0
2.66,21,93.99,10.6,3.45,0.7,0,0.01,160.12
2.67,21,109.56,10.31,3.83,0.77,0,0,0
2.67,21,102.12,12.4,4.24,0.79,0,0.01,225.08
2.67,21,103.37,12.44,4.18,0.72,0,0,0
2.67,21,106.56,11.5,3.86,0.72,0,0,0
2.67,21,101.42,11.23,4.41,0.69,0,0,0
2.69,21,101.85,11.7,4.1,0.68,0,0,0
2.69,21,106.14,12.48,4.98,0.7,0,0,0
2.69,26,106.13,12.46,4.06,0.75,0,0.01,155.54
2.69,21,88.44,10.26,3.54,0.73,0,0.01,170.06
2.7,21,109.42,10.43,3.75,0.78,0,0,0
2.7,21,106.56,12.2,4.66,0.79,0,0.01,191.58
2.7,21,102.74,12.5,4.43,0.74,0,0,0
2.7,21,99.49,11.25,3.96,0.7,0,0,0
2.7,21,106,11.57,3.92,0.66,0,0,0
2.7,21,94.1,10.75,3.36,0.73,0,0.01,192.29
2.7,26,108.55,12.83,4.87,0.74,0,0.01,184.36
2.72,21,101.56,11.18,3.73,0.69,0,0,0
2.72,21,107.28,11.27,4.79,0.76,0,0,0
2.72,26,105.42,11.44,3.68,0.76,0,0.01,177.75
2.72,26,107.49,12.39,4.33,0.75,0,0.01,179.02
2.72,21,103.56,11.79,4.07,0.73,0,0,0
2.72,26,108.22,12.34,4.39,0.74,0,0.01,176.8
2.72,21,91.74,11.09,3.42,0.74,0,0.01,169.5
2.73,21,100.42,11.46,5.09,0.68,0,0,0
2.73,21,100.14,12.86,4.43,0.71,0,0,0
2.74,21,113.12,10.63,4.01,0.76,0,0,0
2.74,21,108.7,11.83,4.07,0.74,0,0,0
2.75,21,101.71,11.06,3.54,0.78,0,0,0
2.75,21,109.99,10.35,3.84,0.8,0,0,0
2.75,21,103.12,11.2,3.88,0.79,0,0.01,205.3
2.75,21,104.16,12.34,4.43,0.72,0,0,0
2.75,21,100.12,13.05,4.51,0.74,0,0,0
2.75,21,102.99,11.53,4.42,0.72,0,0,0
2.75,21,105.85,13.14,5.04,0.71,0,0,0
2.75,26,103.88,12.4,5.13,0.8,0,0,0
2.75,21,88.61,10.39,3.93,0.69,0,0.01,156.72
2.77,21,104.99,11.94,3.81,0.7,0,0,0
2.77,21,106.75,12.2,5.34,0.68,0,0,0
2.77,21,107.14,12.42,5.04,0.75,0,0,0
2.77,21,104,11.57,3.63,0.73,0,0,0
2.77,21,107.56,11.03,4.49,0.74,0,0,0
2.77,26,111.99,11.68,4.08,0.76,0,0.01,153.82
2.77,26,111.99,12.2,4.21,0.77,0,0.01,160.74
2.77,26,107.86,12.72,3.69,0.74,0,0.01,161.47
2.77,21,88.99,10.76,4.02,0.72,0,0.01,191.54
2.78,21,105.37,11.29,3.58,0.76,0,0,0
2.78,21,103.25,12.81,4.28,0.8,0,0.01,195.94
2.78,21,97.24,13.09,4.94,0.76,0,0,0
2.78,21,95.12,11.16,4.12,0.7,0,0,0
2.78,21,100.14,11.57,3.81,0.71,0,0,0
2.78,21,94.8,11.99,3.86,0.78,0,0.01,202.96
2.78,21,113.13,10.61,3.79,0.77,0,0,0
2.78,21,101.62,11.2,4.61,0.71,0,0,0
2.78,21,105.99,11.7,4,0.78,0,0,0
2.8,21,104.85,11.41,3.61,0.78,0,0,0
2.8,21,96.49,12.26,4.43,0.75,0,0,0
2.8,21,100.85,12.1,4.22,0.74,0,0,0
2.8,21,106.74,12.64,5.16,0.75,0,0,0
2.8,21,102.56,11.2,3.94,0.76,0,0,0
2.8,21,104.14,11.71,4.06,0.7,0,0,0
2.8,26,107.99,12.39,4.15,0.74,0,0.01,169.35
2.8,26,105.33,12.48,5.19,0.83,0,0,0
2.8,21,88.99,10.71,3.18,0.75,0,0,190.67
2.81,21,109.49,10.42,3.79,0.79,0,0,0
2.81,21,98.62,12.94,4.27,0.77,0,0,0
2.81,21,100.14,13.31,5.02,0.74,0,0,0
2.81,21,95.37,11.19,3.75,0.71,0,0.01,177.81
2.81,21,108.49,11,3.88,0.8,0,0.01,167.46
2.81,21,104.62,11.81,3.55,0.79,0,0.01,183.06
2.81,21,102.75,11.84,4.58,0.72,0,0,0
2.81,21,106.87,10.96,4.31,0.76,0,0,0
2.81,21,91.37,10.24,3.73,0.73,0,0.01,158.03
2.83,21,105.36,11.06,3.75,0.8,0,0,0
2.83,21,104.12,11.82,3.82,0.8,0,0.01,182.39
2.83,21,102.16,13.12,4.64,0.71,0,0,0
2.83,21,100.85,11.54,4.29,0.76,0,0,0
2.83,21,95.12,10.91,3.48,0.7,0,0,0
2.83,26,108.87,12.15,4.68,0.81,0,0,0
2.83,21,98.24,10.96,3.88,0.7,0,0.01,215.38
2.83,21,90.7,10.2,3.51,0.73,0,0.01,183.83
2.83,21,90.87,10.48,3.31,0.72,0,0,190.39
2.83,21,93.86,11.04,3.95,0.76,0,0,253.82
2.83,21,95.88,11.22,2.88,0.75,0,0.01,201.69
2.83,21,98.74,11.1,3.77,0.82,0,0,0
2.84,21,102.71,11.23,4.1,0.71,0,0.01,179.38
2.84,26,108.49,12.45,3.91,0.75,0,0.01,158.88
2.84,21,95.87,11.29,3.74,0.73,0,0,216.39
2.84,21,101.87,11.13,3.65,0.81,0,0,0
2.84,21,109.87,10.66,3.95,0.82,0,0,0
2.84,21,103.49,12.51,4.03,0.81,0,0,0
2.84,21,109.21,11.22,4.31,0.81,0,0,0
2.84,21,106.37,10.81,3.78,0.84,0,0.01,193.69
2.84,21,102.62,11.44,4.27,0.75,0,0,0
2.84,21,107.13,11.26,4.16,0.74,0,0,0
2.84,26,106.87,12.46,4.12,0.8,0,0.01,179.04
2.84,26,105.1,12.84,3.78,0.76,0,0.01,178.67
2.84,32,112.49,13.99,6.36,0.84,0,0.01,163.47
2.84,21,93.85,12.09,4.01,0.7,0,0,248.12
2.86,21,104.87,10.93,3.49,0.77,0,0,0
2.86,21,104.33,11.21,3.76,0.81,0,0,0
2.86,21,107.86,11.74,4.03,0.81,0,0,0
2.86,21,101.5,11.64,3.62,0.81,0,0.01,209.94
2.86,21,101.55,11.51,3.71,0.83,0,0.01,169.13
2.86,21,100.75,12.16,4.08,0.76,0,0,0
2.86,21,102.87,12.62,4.99,0.75,0,0,0
2.86,21,95.85,12.55,4.32,0.71,0,0.01,210.5
2.86,21,105.49,11.34,3.83,0.8,0,0,0
2.86,21,104.49,11.29,3.82,0.82,0,0,0
2.86,21,106.61,11.62,3.93,0.79,0,0.01,173.92
2.86,21,101.42,13.3,4.57,0.76,0,0,0
2.86,26,109.12,12.26,4.42,0.79,0,0.01,157.41
2.86,26,102.22,12.8,4.57,0.79,0,0.01,173.17
2.86,26,105.42,12.43,5.21,0.85,0,0,0
2.86,32,109.62,14.46,6.7,0.83,0,0.01,164.69
2.86,21,96.71,10.73,3.53,0.74,0,0.01,184.56
2.88,21,104.99,11.19,3.71,0.83,0,0,0
2.88,21,104.99,11.01,3.75,0.81,0,0,0
2.88,21,105.87,11.38,3.67,0.81,0,0.01,169.03
2.88,21,104.55,11.85,4.1,0.84,0,0.01,177.03
2.88,21,107.25,11.34,4.28,0.78,0,0,0
2.88,21,103.12,12.08,4.23,0.78,0,0,0
2.88,21,100.32,12.04,4.22,0.76,0,0,0
2.88,21,99.7,13.64,4.61,0.74,0,0,0
2.88,21,106.85,12.5,5.17,0.79,0,0,0
2.88,21,102.12,12.31,4.49,0.75,0,0,0
2.88,21,85.71,10.43,3.55,0.72,0,0,195.53
2.88,21,105.87,11.75,4.38,0.74,0,0,0
2.89,21,105.62,11.21,3.65,0.81,0,0,0
2.89,21,105.74,11.71,3.85,0.8,0,0,0
2.89,21,102.87,11.22,3.65,0.84,0,0,249.97
2.89,21,103.62,11.57,4.37,0.81,0,0.01,184.64
2.89,21,106.85,11.49,4.39,0.76,0,0,0
2.89,21,106.87,11.41,4.36,0.76,0,0,0
2.89,21,107.74,11.5,3.82,0.79,0,0,0
2.89,21,109.99,10.54,3.79,0.83,0,0,0
2.89,21,94.49,11.75,3.89,0.81,0,0,0
2.89,21,104.49,11.78,3.5,0.81,0,0.01,214.25
2.89,26,110.99,11.44,3.71,0.76,0,0.01,149.43
2.89,26,107.28,12.44,3.81,0.76,0,0.01,157.04
2.89,26,108.24,12.31,4,0.79,0,0.01,179.16
2.89,21,91.54,10.45,3.57,0.76,0,0.01,153.67
2.89,21,90.11,10.23,3.38,0.72,0,0.01,153.57
2.89,21,95.32,11.02,3.57,0.74,0,0.01,197.02
2.89,21,96.62,11.14,3.66,0.69,0,0.01,183.2
2.89,21,96.24,10.84,3.43,0.72,0,0.01,176.2
2.89,21,92.85,12.06,5.04,0.72,0,0.01,195.91
2.91,21,102.44,12.29,3.55,0.81,0,0.01,179.82
2.91,21,102.88,12.43,4.84,0.83,0,0.01,242.32
2.91,21,106.49,11.54,3.84,0.83,0,0.01,172.44
2.91,21,107.74,11.57,3.9,0.81,0,0.01,175.02
2.91,21,106.85,11.79,4.55,0.75,0,0,0
2.91,21,104.37,12.04,4.07,0.76,0,0,0
2.91,32,109.87,12.89,5.3,0.86,0,0.01,143.17
2.91,21,96.61,12.43,5,0.75,0,0.01,202.82
2.91,21,92.99,11.5,4.31,0.74,0,0,217.45
2.91,21,92.24,10.81,3.43,0.75,0,0.01,166.23
2.91,21,94.99,10.66,3.8,0.78,0,0,253.22
2.91,21,95.99,11.05,3.91,0.75,0,0.01,212.14
2.91,21,113.24,10.63,4.39,0.78,0,0,0
2.91,21,105.12,11.79,4.2,0.84,0,0.01,224.29
2.91,21,107.42,11.06,4.38,0.8,0,0,0
2.92,21,110.99,11.2,3.78,0.83,0,0.01,166.43
2.92,21,101.74,12.82,4.61,0.78,0,0,0
2.92,21,106.62,12.16,4.64,0.76,0,0,0
2.92,21,104.99,10.3,3.74,0.85,0,0,0
2.92,21,103.55,11.64,4.07,0.85,0,0,0
2.92,21,105.21,11.3,3.67,0.83,0,0.01,225.28
2.92,21,106.49,12.11,4.05,0.82,0,0.01,181.03
2.92,21,104.99,12.13,4.26,0.85,0,0.01,178.66
2.92,21,102.24,10.94,3.7,0.85,0,0.01,198.77
2.92,21,96.33,13.39,4.97,0.8,0,0,0
2.92,21,103.1,12.61,4.18,0.78,0,0,0
2.92,21,105,12.17,4.59,0.78,0,0,0
2.92,21,93.99,13.54,4.23,0.75,0,0,0
2.92,21,107,12.65,5.15,0.77,0,0,0
2.92,21,100.74,12.79,4.9,0.81,0,0,0
2.92,26,111.49,11.61,4.11,0.81,0,0.01,174.08
2.92,26,108.49,12.39,3.84,0.79,0,0.01,180.67
2.92,26,110.99,11.4,3.77,0.81,0,0.01,170.09
2.92,26,106.99,11.69,3.68,0.84,0,0.01,184.24
2.92,32,112.86,12.81,5.39,0.87,0,0.01,150.25
2.92,21,93.86,12.15,4.27,0.74,0,0.01,190.06
2.94,21,105.62,11.15,3.49,0.84,0,0,0
2.94,21,110.37,10.53,3.94,0.82,0,0,0
2.94,21,97.99,11.8,3.82,0.84,0,0.01,179.87
2.94,21,104.99,12.03,4.6,0.85,0,0.01,180.45
2.94,21,103.12,13.14,4.95,0.76,0,0,0
2.94,21,106.14,12.04,4.87,0.75,0,0,0
2.94,21,102.87,11.25,4.17,0.72,0,0,0
2.94,21,101,11.91,4.58,0.76,0,0,0
2.94,26,107.77,12.19,3.91,0.82,0,0.01,173.84
2.94,32,108.61,15.81,6.96,0.85,0,0.01,178.43
2.94,21,93.1,10.99,3.26,0.74,0,0.01,164.43
2.94,21,91.12,10.61,3.16,0.72,0,0.01,190.26
2.94,21,107.49,10.93,3.87,0.87,0,0,0
2.94,21,104.87,11.95,4.01,0.73,0,0.01,222.75
2.94,21,104.5,11.78,4.43,0.75,0,0,0
2.94,26,107.49,12.36,3.89,0.81,0,0.01,156.33
2.94,26,111.84,11.54,3.87,0.8,0,0.01,177.21
2.94,26,103.74,12.79,4.1,0.79,0,0.01,178.37
2.94,32,110.21,13.47,6.17,0.87,0,0.01,151.8
2.94,21,91.86,10.54,3.21,0.75,0,0.01,161.34
2.95,21,101.62,11.94,3.4,0.8,0,0,0
2.95,21,103.88,11.14,3.55,0.81,0,0,0
2.95,21,100.62,11.55,3.6,0.86,0,0.01,172.2
2.95,21,97.11,12.7,4.2,0.75,0,0,0
2.95,26,98.77,12.16,3.73,0.83,0,0.01,162.48
2.95,32,112.99,13.67,6.07,0.76,0,0.01,168.45
2.95,32,112.88,13.5,6.13,0.87,0,0.01,155.85
2.95,21,95.99,11.03,3.97,0.74,0,0.01,211.68
2.95,21,103.28,11.39,3.67,0.84,0,0,0
2.97,21,102.87,12.85,4.13,0.85,0,0.01,195.82
2.97,21,100.21,12.57,4.37,0.84,0,0.01,209.88
2.97,21,91.37,10.59,3.36,0.77,0,0,193.48
2.97,21,103,11.43,3.92,0.86,0,0,0
2.97,21,96.77,10.82,4.11,0.87,0,0,0
2.97,21,103.66,11.34,3.61,0.8,0,0,0
2.97,21,111.74,11,3.71,0.84,0,0.01,229.85
2.97,21,100.49,11.76,3.81,0.84,0,0.01,175.12
2.97,21,104.74,11.75,4.2,0.79,0,0,0
2.97,21,100.87,11.54,3.94,0.77,0,0,0
2.97,21,100.37,11.1,3.97,0.76,0,0,0
2.97,21,101.49,12.59,4.43,0.82,0,0,0
2.97,26,111.74,11.56,3.97,0.79,0,0.01,173.69
2.97,26,111.86,11.57,3.9,0.85,0,0.01,174.08
2.97,32,109.87,12,4.36,0.88,0,0.01,138.77
2.98,32,110.22,13,5.49,0.88,0,0.01,146.52
2.98,21,103.22,10.94,3.82,0.86,0,0,0
2.98,21,112.99,10.46,3.92,0.82,0,0,0
2.98,21,105.24,11.92,3.99,0.85,0,0.01,176.12
2.98,21,102.75,12.03,4.49,0.86,0,0.01,219.67
2.98,21,106.32,11.84,3.97,0.86,0,0.01,198.8
2.98,21,105.66,11.97,4.13,0.84,0,0.01,213.92
2.98,21,103.1,10.79,3.89,0.85,0,0.01,179.19
2.98,21,105.5,11.64,4.36,0.78,0,0,0
2.98,21,105.88,12.16,4.61,0.78,0,0,0
2.98,21,107.28,11.48,4.49,0.78,0,0,0
2.98,21,106.5,11,4.24,0.77,0,0,0
2.98,49,95.53,11.94,4.46,0.94,0,0,0
2.98,26,111.7,11.44,3.93,0.81,0,0.01,175.43
2.99,21,99.24,11.29,3.83,0.84,0,0,0
2.99,21,106.22,11.19,3.75,0.83,0,0.01,225.18
2.99,21,100.37,11.84,3.87,0.82,0,0.01,176
2.99,21,101.77,11.55,3.54,0.85,0,0.01,167.96
2.99,21,105.1,12.77,4.82,0.83,0,0.01,223.61
2.99,21,103.32,12.65,3.98,0.86,0,0.01,217.75
2.99,21,106.36,11.69,4.12,0.83,0,0.01,190.21
2.99,21,105.99,11,3.51,0.85,0,0.01,196.4
2.99,21,100.88,11.57,3.62,0.88,0,0.01,166.69
2.99,21,104.62,11.86,4.5,0.77,0,0,0
2.99,21,90.32,10.68,3.51,0.77,0,0.01,184.61
3,21,108.87,11.38,3.87,0.82,0,0,0
3,21,103.69,9.8,3.63,0.85,0,0,0
3,21,100.37,11.61,3.19,0.85,0,0.01,172.65
3,21,104.66,11.71,3.8,0.85,0,0.01,204.24
3,21,102.62,11.99,3.75,0.84,0,0.01,172.65
3,21,103.32,12.03,4.14,0.83,0,0,0
3,26,107.61,12.5,3.87,0.82,0,0.01,158.26
3,26,107.62,12.44,3.96,0.83,0,0.01,169.43
3,26,110.61,11.26,3.76,0.83,0,0.01,167.49
3,26,106.24,11.54,3.86,0.83,0,0.01,172.03
3,26,108.44,12.28,4,0.8,0,0.01,176.22
3,26,111.61,11.6,4.13,0.82,0,0.01,152.29
3,21,102.49,12.18,4.41,0.78,0,0,0
3.02,21,101.77,11.82,3.49,0.85,0,0.01,200.49
3.02,21,101.77,13.33,5.24,0.8,0,0,0
3.02,21,106.25,11.41,4.32,0.84,0,0,0
3.02,21,105.87,11.44,3.75,0.77,0,0,0
3.02,26,108.74,12.27,4,0.78,0,0.01,179.45
3.02,26,108.87,12.52,3.79,0.82,0,0.01,183.3
3.02,21,90.87,10.28,3.33,0.81,0,0,212.07
3.02,21,106.22,10.83,4.05,0.88,0,0,0
3.02,21,97.99,11.95,4.12,0.86,0,0,0
3.02,21,108,10.78,4.04,0.88,0,0,0
3.02,21,98.99,11.2,3.86,0.85,0,0,0
3.02,21,101.42,12.67,4.12,0.88,0,0.01,199.91
3.02,21,108.33,10.92,3.88,0.87,0,0.01,186.79
3.02,21,107.62,12.07,4.44,0.83,0,0.01,194.07
3.02,21,105.12,11.64,4.3,0.77,0,0,0
3.02,21,107.57,12.14,4.95,0.8,0,0,0
3.02,21,106.99,12.1,4.12,0.79,0,0,0
3.02,32,109.74,11.44,4.23,0.89,0,0.01,132.11
3.02,21,89.74,10.1,3.47,0.76,0,0,226.64
3.03,21,105.77,11.22,3.8,0.82,0,0,0
3.03,21,101,11.11,3.93,0.86,0,0,0
3.03,21,108.37,11.21,3.63,0.84,0,0.01,170.56
3.03,21,107.59,11.94,4.2,0.84,0,0.01,196.49
3.03,21,102.37,12.67,4.18,0.86,0,0.01,192.21
3.03,21,105.25,11.62,3.49,0.84,0,0.01,181.23
3.03,26,108.77,12.27,4.21,0.82,0,0.01,176.61
3.03,26,99.8,12.46,4.93,0.9,0,0,0
3.03,32,113.12,12.81,5.24,0.9,0,0.01,150.56
3.03,32,106.71,12.57,5.03,0.88,0,0.01,141.2
3.03,21,101.44,11.28,3.73,0.88,0,0,0
3.03,21,104.1,11.4,3.73,0.87,0,0.01,224.82
3.03,21,104,10.99,3.77,0.86,0,0.01,171.83
3.03,21,100.7,11.17,3.77,0.85,0,0.01,165.78
3.03,21,84.71,10.57,3.5,0.78,0,0.01,156.7
3.05,21,103.11,12.29,3.82,0.83,0,0,0
3.05,26,108.99,12.24,4.4,0.85,0,0.01,179.32
3.05,32,110.77,13.36,5.55,0.9,0,0.01,151.3
3.05,21,105.24,11.18,3.5,0.84,0,0,0
3.05,21,106.11,11.54,3.74,0.82,0,0,0
3.05,21,103.49,10.93,3.56,0.88,0,0,0
3.05,21,103.5,11.51,4.16,0.91,0,0,0
3.05,21,105.24,11.29,3.74,0.85,0,0,0
3.05,21,104.88,11.25,3.86,0.86,0,0,0
3.05,21,104.99,11.73,3.66,0.84,0,0.01,191.54
3.05,21,106.33,11.97,4.52,0.86,0,0.01,181.88
3.05,26,108.22,12.09,3.81,0.8,0,0.01,173.11
3.05,26,104.33,12.39,4.07,0.84,0,0.01,174.93
3.05,32,106.44,11.96,4.15,0.89,0,0.01,150.8
3.05,32,109.77,11.73,4.48,0.91,0,0.01,152.5
3.05,21,90.71,10.63,3.67,0.69,0,0.01,168.69
3.05,21,90.62,11.16,4.1,0.76,0,0,205.58
3.05,21,107.75,11.33,3.84,0.88,0,0,0
3.05,21,108.89,11.57,4.45,0.85,0,0.01,202.86
3.06,21,109.85,10.4,3.76,0.75,0,0,0
3.06,21,107.12,11.03,3.78,0.85,0,0,0
3.06,21,107.99,11.8,3.51,0.84,0,0.01,178.83
3.06,26,109.59,12.6,4.83,0.86,0,0,0
3.06,32,105.09,12.47,4.6,0.87,0,0.01,137.95
3.06,21,89.37,10.18,3.64,0.78,0,0,181.88
3.06,21,104.37,11.31,3.83,0.85,0,0,0
3.06,21,103.37,11.81,4.02,0.85,0,0.01,180.89
3.06,21,108.88,11.05,4.04,0.86,0,0.01,190.02
3.06,26,102.5,12.69,4.05,0.86,0,0.01,182.49
3.06,26,107.24,12.37,3.79,0.86,0,0.01,156.11
3.06,26,111.74,11.59,4.11,0.83,0,0.01,174.08
3.06,26,111.66,11.74,4.12,0.83,0,0.01,173.54
3.06,26,107.85,12.37,4.06,0.82,0,0.01,183.13
3.06,32,112.86,13.24,5.49,0.93,0,0.01,155.22
3.08,21,106.77,11.44,3.92,0.88,0,0.01,192.93
3.08,21,100.99,11.47,3.4,0.89,0,0.01,231.58
3.08,21,98.13,12.49,3.74,0.84,0,0.01,238.25
3.08,26,108.33,12.23,3.65,0.8,0,0.01,175.39
3.08,26,110.99,12.56,3.97,0.81,0,0.01,184.44
3.08,26,105.39,12.16,4.78,0.89,0,0,0
3.08,32,110.44,13.33,5.34,0.91,0,0.01,150.61
3.08,32,109.66,11.8,4.56,0.93,0,0.01,153.23
3.08,21,91.1,10.55,3.66,0.79,0,0,216.15
3.08,26,104.55,12.81,4.34,0.84,0,0.01,177.25
3.08,26,105.99,12.4,4.31,0.81,0,0.01,176.7
3.08,26,99.66,12.19,3.78,0.85,0,0.01,164.4
3.09,21,106.12,10.81,3.96,0.89,0,0,0
3.09,21,99.12,11.96,4.28,0.88,0,0.01,210.77
3.09,32,109.77,11.19,4.11,0.92,0,0.01,145.42
3.09,21,95.27,10.79,3.32,0.73,0,0.01,179.82
3.09,21,100.66,10.97,3.77,0.89,0,0,0
3.09,26,109.1,12.18,4.04,0.84,0,0.01,175.85
3.09,26,108.12,12.55,3.99,0.81,0,0.01,182.41
3.09,26,104.1,13.31,3.9,0.85,0,0.01,183.37
3.09,26,111.28,11.71,4.34,0.83,0,0.01,178.88
3.09,26,104.87,12.34,4.44,0.87,0,0,0
3.09,32,110.21,13.54,5.59,0.9,0,0.01,152.65
3.09,32,111.66,13.42,5.44,0.89,0,0.01,153.26
3.09,21,93.1,10.9,3.29,0.79,0,0.01,190.28
3.11,21,107.24,11.46,3.95,0.86,0,0.01,172.53
3.11,21,103.11,12.14,4.17,0.88,0,0.01,208.65
3.11,21,103.24,11.46,4.08,0.84,0,0.01,175.28
3.11,21,105.24,11.79,4.58,0.89,0,0.01,208.92
3.11,21,100.62,11.31,3.76,0.87,0,0.01,202.39
3.11,21,101,11.93,4.07,0.85,0,0,0
3.11,21,107.28,11.84,4.54,0.8,0,0,0
3.11,26,108.1,12.03,3.64,0.85,0,0.01,172.18
3.11,21,90.99,10.87,3.71,0.75,0,0,197.89
3.11,21,98.44,10.89,3.74,0.92,0,0.01,169.22
3.11,21,104.66,10.87,3.78,0.88,0,0.01,215.49
3.11,26,104.49,12.1,4.32,0.88,0,0,0
3.11,21,86.49,11.45,4.72,0.79,0,0,247.51
3.12,26,103.99,12.22,4.64,0.88,0,0,0
3.13,21,104.1,11.2,3.85,0.86,0,0,0
3.13,21,102.5,11.02,3.81,0.86,0,0.01,200.87
3.13,26,108.99,12.35,3.85,0.87,0,0.01,180.95
3.13,26,109.37,12.36,3.91,0.86,0,0.01,181.78
3.13,26,108.33,12.28,4,0.84,0,0.01,176.04
3.13,26,99.21,12.28,3.84,0.85,0,0.01,164.85
3.13,26,104.69,12.47,5.09,0.9,0,0,0
3.13,32,109.99,13.27,5.58,0.94,0,0.01,149.25
3.13,32,108.44,14.73,6.58,0.93,0,0.01,186.72
3.13,32,110.44,13.07,5.61,0.91,0,0.01,147.57
3.13,21,95.32,10.9,3.35,0.82,0,0.01,166.97
3.13,21,92.21,10.7,3.35,0.82,0,0.01,185.02
3.13,21,105.49,10.36,3.83,0.88,0,0,0
3.13,21,100.37,11.4,3.66,0.85,0,0.01,203.4
3.13,26,98.24,12.09,3.64,0.84,0,0.01,186.36
3.14,21,104.77,11.32,3.79,0.93,0,0,0
3.14,21,108.11,11.29,3.65,0.89,0,0.01,231.21
3.14,32,110.22,11.85,4.46,0.9,0,0.01,154.6
3.14,21,95.49,11.26,3.49,0.78,0,0.01,215.1
3.14,21,94.62,10.77,3.48,0.76,0,0,203.71
3.14,21,105.87,10.89,4.04,0.89,0,0,0
3.14,21,106.37,11.09,3.9,0.78,0,0.01,198.58
3.14,26,105.37,11.4,3.56,0.9,0,0.01,168.61
3.14,26,104.22,12.28,4.58,0.89,0,0,0
3.14,32,109.87,13.6,5.43,0.93,0,0.01,155.23
3.14,32,106.88,12.22,4.23,0.88,0,0.01,137.51
3.14,21,91.55,11.89,4.35,0.84,0,0,244.9
3.16,26,105.37,12.9,3.84,0.81,0,0.01,182.76
3.16,21,106.66,11.32,3.88,0.89,0,0,0
3.16,21,102.6,11.43,3.8,0.88,0,0,0
3.16,21,109.99,10.4,3.48,0.87,0,0,0
3.16,21,101.77,10.77,3.82,0.9,0,0,0
3.16,21,104.77,11.39,3.94,0.91,0,0,0
3.16,21,107.21,10.9,3.5,0.9,0,0.01,184.48
3.16,21,100.99,11.94,4.06,0.78,0,0,0
3.16,21,104.33,12.22,4.71,0.84,0,0,0
3.16,26,101.77,12.24,3.71,0.86,0,0.01,168.64
3.16,26,101.49,12.19,3.74,0.92,0,0.01,186.05
3.16,26,100.1,12.73,4.06,0.88,0,0.01,191.61
3.16,26,104.99,11.71,4.08,0.85,0,0.01,166.39
3.16,26,111.12,11.54,4.17,0.81,0,0.01,150.82
3.16,32,110.66,14.12,5.84,0.92,0,0.01,159.81
3.16,32,107.49,12.34,4.79,0.92,0,0.01,159.53
3.16,21,102.88,11.16,3.53,0.86,0,0,0
3.16,21,104.77,11.6,3.58,0.91,0,0.01,207.3
3.16,26,111.42,12.1,4.04,0.84,0,0.01,185.04
3.16,26,111.86,11.65,4.01,0.74,0,0.01,175.21
3.16,32,113.36,13.13,5.59,0.91,0,0.01,154.6
3.17,26,109.86,11.61,4.47,0.89,0,0,0
3.17,26,104.44,12.47,5.18,0.9,0,0,0
3.17,21,104.66,11.29,3.81,0.89,0,0,0
3.17,21,104.42,10.99,3.86,0.87,0,0,0
3.17,21,104.77,11.79,3.77,0.86,0,0.01,194.99
3.17,21,100.09,12.03,3.8,0.91,0,0.01,191.13
3.17,21,104.33,11.17,3.33,0.88,0,0.01,183.95
3.17,32,108.33,15.09,6.43,0.91,0,0.01,167.15
3.17,32,113.11,13.44,5.66,0.9,0,0.01,157.91
3.17,32,106.09,12.2,4.77,0.93,0,0.01,136.25
3.17,32,106.66,12.51,4.47,0.93,0,0.01,149.51
3.17,21,95.62,10.86,3,0.81,0,0,207.75
3.19,21,100.87,11.56,3.33,0.89,0,0.01,207.29
3.19,21,107.99,11.93,4.21,0.92,0,0.01,203.44
3.19,21,101.12,11.13,3.8,0.9,0,0,236.85
3.19,26,108.11,12.22,3.83,0.93,0,0.01,208.58
3.19,26,104.55,12.22,4.4,0.92,0,0,0
3.19,32,108.99,13.57,5.32,0.95,0,0.01,153.68
3.19,32,113.1,12.67,5.5,0.95,0,0.01,146.52
3.19,32,110.32,13.44,5.28,0.96,0,0.01,151.69
3.19,32,110.1,15.08,6.56,0.91,0,0.01,169.77
3.19,21,89.86,10.16,3.48,0.78,0,0.01,182.67
3.19,21,104.99,11.17,3.54,0.93,0,0,0
3.19,21,106.12,10.68,3.54,0.91,0,0,0
3.19,32,109.99,11.69,4.36,0.92,0,0.01,152.24
3.19,32,106.66,11.79,4.09,0.9,0,0.01,132.33
3.19,21,95.12,10.96,3.6,0.86,0,0.01,173.81
3.2,26,104.33,11.69,4.07,0.88,0,0.01,181.03
3.2,21,103.77,11.49,3.79,0.88,0,0,0
3.2,21,105.62,10.78,3.99,0.9,0,0,0
3.2,21,104.22,11.13,3.85,0.91,0,0.01,183.18
3.2,21,103.66,12.03,3.8,0.92,0,0.01,249.45
3.2,21,105.11,11.73,3.77,0.88,0,0.01,241.52
3.2,21,102.74,11,3.94,0.92,0,0.01,200.88
3.2,21,106.24,12.56,4.33,0.91,0,0.01,237.25
3.2,26,108.12,12.03,3.97,0.82,0,0.01,174.8
3.2,26,96.77,12.83,3.58,0.89,0,0.01,196.03
3.2,26,105.55,12.32,4.38,0.94,0,0,0
3.2,26,104.21,12.47,4.71,0.91,0,0,0
3.2,26,104.33,11.7,4.15,0.91,0,0,0
3.2,32,111.36,13.25,5.16,0.94,0,0.01,153.32
3.2,32,110.99,13.1,5.37,0.94,0,0.01,148.71
3.2,32,110.21,13.72,5.67,0.93,0,0.01,176.77
3.2,32,109.32,14.67,6.15,0.96,0,0.01,163.98
3.2,32,104.49,14.07,5.53,0.94,0,0,0
3.2,21,94.12,10.79,3.3,0.81,0,0,203.05
3.2,21,93.9,11.73,3.58,0.86,0,0,229.46
3.2,21,103.61,10.4,3.84,0.88,0,0,0
3.2,21,107.99,11.13,3.85,0.9,0,0.01,189.85
3.2,32,109.88,13.32,5.41,0.92,0,0.01,149.7
3.22,21,102.55,11.99,4.09,0.86,0,0,0
3.22,21,100.33,11.32,3.94,0.95,0,0,0
3.22,21,105.77,10.81,3.98,0.9,0,0,0
3.22,21,108.1,11.29,3.88,0.86,0,0,0
3.22,21,105.87,10.79,3.92,0.89,0,0.01,192.37
3.22,21,99.88,11.63,4.04,0.95,0,0.01,220.11
3.22,21,101.21,12.28,4.16,0.9,0,0.01,243.39
3.22,26,104.12,12.2,4.21,0.9,0,0,0
3.22,26,104.1,12.44,4.76,0.89,0,0,0
3.22,32,111.44,13.14,5.53,0.93,0,0.01,149.81
3.22,32,106.99,12.38,4.69,0.93,0,0.01,148.16
3.22,32,105.88,14.4,6,0.88,0,0,0
3.23,21,101.62,11.16,3.95,0.89,0,0.01,173.58
3.23,21,106.12,11.7,4.23,0.87,0,0.01,209.1
3.23,21,103.77,12.98,5.19,0.8,0,0,0
3.23,26,104.1,12.38,3.57,0.88,0,0.01,174.38
3.23,26,111.49,11.54,4.18,0.86,0,0.01,172.95
3.23,26,98.66,12.11,3.83,0.93,0,0.01,188.64
3.23,26,104,12.17,3.6,0.88,0,0.01,190.32
3.23,26,108.88,11.85,4.69,0.96,0,0,0
3.23,32,113.36,13.17,5.66,0.84,0,0.01,155.16
3.23,32,99.49,13.33,4.79,0.93,0,0.01,139.6
3.23,32,108.33,11.63,3.94,0.94,0,0.01,132.64
3.23,32,110.11,11.87,4.38,0.94,0,0.01,137.62
3.23,32,102.09,13.22,5.61,0.95,0,0,0
3.23,21,90.1,10.38,3.27,0.78,0,0.01,175.33
3.23,21,89.88,11.2,4.34,0.78,0,0.01,188.73
3.24,21,103.55,11.61,3.99,0.89,0,0.01,189.83
3.24,21,103.24,11.2,3.84,0.87,0,0,243.43
3.24,21,106.12,10.8,3.98,0.89,0,0.01,193
3.24,21,104.1,13.01,5.21,0.87,0,0,0
3.24,26,103.66,12.19,4.61,0.9,0,0,0
3.24,26,98.7,11.68,4.4,0.98,0,0,0
3.24,21,91.1,10.46,3.63,0.87,0,0.01,153.09
3.25,26,111.24,11.39,3.65,0.9,0,0.01,170.31
3.25,21,100.66,10.87,3.7,0.97,0,0,0
3.25,21,100.99,11.83,3.84,0.91,0,0.01,199.14
3.25,21,102.99,11.09,3.98,0.91,0,0.01,180.3
3.25,26,106.42,12.18,3.41,0.86,0,0.01,152.54
3.25,26,98.66,11.99,3.73,0.93,0,0.01,186.76
3.25,26,107.99,12.25,3.64,0.86,0,0.01,175.03
3.25,26,110.33,11.53,4.66,0.94,0,0,0
3.25,26,103.99,12.24,4.35,0.96,0,0,0
3.25,26,104.33,12.32,4.58,0.91,0,0,0
3.25,26,110.11,11.9,4.76,0.92,0,0,0
3.25,26,109.22,11.75,4.53,0.99,0,0,0
3.25,26,102.08,12.87,4.72,0.96,0,0,0
3.25,26,103.1,12.38,4.64,0.92,0,0,0
3.25,32,108.44,14.24,5.74,0.98,0,0.01,157.97
3.25,32,112.74,12.46,4.97,0.97,0,0.01,170.28
3.25,32,111.21,13.87,6.02,0.97,0,0.01,180.26
3.25,32,108.33,14.67,6.16,0.96,0,0.01,162.47
3.25,32,110.77,13.29,5.48,0.97,0,0.01,150.54
3.25,32,109.88,12.77,4.82,0.94,0,0.01,166.12
3.25,21,95.99,12.56,4.59,0.77,0,0,241.16
3.26,26,104.33,12.03,4.44,0.91,0,0,0
3.27,21,105.1,11.23,3.94,0.97,0,0,0
3.27,21,103.22,11.12,3.21,0.9,0,0.01,181.27
3.27,26,97.4,12.61,3.7,0.92,0,0.01,161.6
3.27,26,103.99,12.82,4.59,0.97,0,0,0
3.27,32,110.86,14.94,6.18,0.96,0,0.01,172.05
3.27,32,106.79,13.86,5.35,0.95,0,0.01,149.51
3.27,32,109.55,13.75,5.51,0.96,0,0.01,154
3.27,32,106.36,14.1,5.89,0.94,0,0,0
3.27,21,106.55,11.2,3.51,0.93,0,0,0
3.27,21,103.44,11.18,3.43,0.93,0,0.01,186.21
3.27,21,103.22,12.47,4.25,0.91,0,0.01,214.45
3.27,21,103.88,11.18,3.57,0.91,0,0.01,183.34
3.27,26,106.1,12.45,4.2,0.94,0,0.01,173.8
3.27,32,110.66,13.51,5.31,0.96,0,0.01,152.91
3.27,32,106.77,12.02,4.3,0.92,0,0.01,152.01
3.27,32,105.9,12.28,4.95,0.93,0,0,0
3.27,32,109.09,13.51,5.55,0.94,0,0,0
3.27,21,91.62,10.7,3.3,0.8,0,0,196.04
3.28,21,97.28,11.33,3.76,0.96,0,0,0
3.28,21,104.1,11.16,3.22,0.89,0,0.01,183.36
3.28,26,103.66,11.29,3.65,0.89,0,0.01,158.36
3.28,26,109.61,11.49,4.19,0.93,0,0,0
3.28,26,104.99,11.96,4.24,0.96,0,0,0
3.28,26,104.22,12.36,5.02,0.93,0,0,0
3.28,26,104.44,12.08,4.4,0.95,0,0,0
3.28,32,108.33,13.21,5.32,1,0,0.01,162.81
3.28,32,110.33,11.46,4.31,0.95,0,0.01,149.77
3.28,21,91.08,10.74,3.48,0.9,0,0.01,149.41
3.28,26,104.79,11.91,4.35,0.95,0,0,0
3.28,32,109.99,13.82,5.75,0.96,0,0.01,155.49
3.28,32,104.77,11.11,4.25,0.91,0,0,0
3.3,21,104.22,11.5,3.65,0.95,0,0,0
3.3,21,105.12,12.02,4.41,0.93,0,0.01,212.87
3.3,26,97.88,11.96,4.05,0.91,0,0.01,184.77
3.3,26,100.39,11.79,3.63,0.93,0,0.01,207.65
3.3,26,105.22,12.44,4.77,0.94,0,0,0
3.3,26,109.88,11.71,4.22,0.93,0,0,0
3.3,26,110.49,11.95,4.66,0.96,0,0,0
3.3,32,107.29,12.36,4.23,0.96,0,0.01,139.59
3.3,21,89.57,10.39,3.11,0.86,0,0,207.72
3.3,21,95.19,10.95,4.03,0.86,0,0.01,162.87
3.31,21,101.55,11.22,3.72,0.91,0,0,0
3.31,21,104.62,11.31,3.9,0.94,0,0,0
3.31,21,103.99,11.94,3.82,0.96,0,0.01,206.98
3.31,26,105.11,12.28,4.73,0.96,0,0,0
3.31,32,110.1,13.18,5.16,0.99,0,0.01,148.38
3.31,21,96.1,10.72,3.55,0.82,0,0,231.78
3.31,21,100.44,10.97,3.73,0.96,0,0,0
3.31,21,107.1,10.8,3.71,0.99,0,0,0
3.31,21,102.9,11.37,4.03,0.96,0,0,0
3.31,21,105.5,10.99,3.9,0.94,0,0,0
3.31,21,103.32,11.61,3.81,0.94,0,0.01,189.41
3.31,21,102.55,11.82,3.91,0.93,0,0.01,191.44
3.31,21,102.27,11.44,3.58,0.94,0,0.01,204.2
3.31,26,109.32,12.25,4.01,0.88,0,0.01,177.18
3.31,26,103.99,12.26,4.98,0.94,0,0,0
3.31,26,102.44,12.8,4.54,0.96,0,0,0
3.31,32,112.39,12.87,5.72,0.99,0,0.01,164.37
3.31,32,110.1,13.32,5.51,0.96,0,0.01,166.88
3.31,32,109.61,11.36,3.76,0.96,0,0.01,131.1
3.31,32,109.88,11.75,4.15,0.96,0,0.01,152.95
3.31,21,95.66,11.16,4.13,0.91,0,0.01,171.49
3.33,21,105.66,11.3,4.35,0.99,0,0,0
3.33,21,97.25,11.18,3.85,0.92,0,0,0
3.33,21,105.62,11.71,3.6,0.94,0,0.01,187.58
3.33,21,106.74,10.88,3.92,0.95,0,0,244.38
3.33,21,99.1,11.89,3.8,0.95,0,0.01,235.61
3.33,21,99.44,12.37,3.73,0.91,0,0.01,194.15
3.33,26,103.44,11.43,3.77,0.91,0,0.01,186.74
3.33,26,102.21,12.56,4.64,0.95,0,0,0
3.33,26,101.45,13.11,4.65,0.92,0,0,0
3.33,26,100.99,12.64,4.46,0.97,0,0,0
3.33,26,99.45,13.73,4.43,0.98,0,0,0
3.33,26,103.77,12.38,4.71,0.94,0,0,0
3.33,26,103.66,12.29,4.74,0.95,0,0,0
3.33,32,113.49,13.69,5.63,0.97,0,0.01,161.37
3.33,32,107.19,11.88,4.56,0.97,0,0.01,148.94
3.33,32,107.29,11.7,4.11,0.94,0,0.01,146.82
3.33,32,110.1,12.11,4.87,0.97,0,0.01,157.89
3.33,32,110.19,12.54,4.93,0.97,0,0.01,161.61
3.33,32,106.79,11.82,4.14,0.93,0,0.01,132.87
3.33,32,94.55,10.5,4.41,0.96,0,0,0
3.33,32,103.33,14.11,5.54,0.9,0,0,0
3.33,21,93.19,11.69,4.5,0.91,0,0,226.97
3.33,21,103.99,11.1,3.43,0.93,0,0.01,182.26
3.33,26,100.77,12.09,3.57,0.81,0,0.01,164.85
3.33,32,106.32,13.39,4.99,1,0,0.01,166.38
3.33,21,95.43,10.79,3.73,0.86,0,0.01,165.48
3.33,21,90.32,10.51,4.01,0.88,0,0.01,178.01
3.34,21,102,10.88,3.58,0.93,0,0,0
3.34,26,104.33,12.71,4.02,0.93,0,0.01,209.35
3.34,26,109.74,12.16,5.01,0.95,0,0,0
3.34,32,105.77,11.93,4.22,0.94,0,0.01,132.83
3.34,21,104.36,11.19,3.77,0.89,0,0,0
3.34,21,108.11,10.45,3.85,0.92,0,0,0
3.34,26,101.99,12.08,3.59,0.87,0,0.01,166.69
3.34,26,102.49,12.57,4.28,0.97,0,0,0
3.36,26,107.44,12.16,3.84,0.88,0,0.01,172.85
3.36,26,99.3,11.78,3.71,0.95,0,0.01,175.9
3.36,26,100,12.87,4.75,0.98,0,0,0
3.36,26,106.21,12.69,4.81,0.97,0,0,0
3.36,26,104.33,11.93,4.6,0.96,0,0,0
3.36,32,111.69,13.19,5.4,1.02,0,0.01,167.41
3.36,32,109.49,11.67,4.27,0.97,0,0.01,149.45
3.36,32,107.55,12.39,4.64,0.96,0,0.01,157.8
3.36,32,110.12,11.84,4.48,0.98,0,0.01,137.2
3.36,32,109.79,13.65,5.39,0.93,0,0,0
3.36,21,100.77,11.42,3.72,0.94,0,0,0
3.36,21,106.49,11.9,4.34,0.94,0,0.01,218.59
3.36,26,104.32,12.42,3.76,0.9,0,0.01,175.39
3.36,26,104.11,11.65,4.28,0.94,0,0,0
3.36,26,103.44,12.71,4.65,0.96,0,0,0
3.36,32,95.6,10.52,4.43,0.97,0,0,0
3.36,21,90.9,11.1,4,0.91,0,0.01,173.43
3.36,21,94.39,12.22,4.84,0.89,0,0.01,180.23
3.37,32,91.5,10.98,4.34,0.99,0,0,0
3.38,21,99.55,11.61,3.37,0.95,0,0.01,192.62
3.38,21,103.88,11.89,3.84,0.94,0,0.01,205.79
3.38,21,100.09,12.07,3.71,0.94,0,0.01,223.73
3.38,21,102.87,10.84,3.45,0.92,0,0.01,198.21
3.38,21,103.66,11.3,3.66,0.95,0,0.01,184.92
3.38,26,105.1,12.53,3.81,0.93,0,0.01,178.26
3.38,26,100.99,12.31,3.68,0.93,0,0.01,168.25
3.38,26,104.99,12.25,4.47,0.93,0,0,0
3.38,26,101.18,13.05,5.22,1.01,0,0,0
3.38,32,108.77,13.56,5.36,1.03,0,0.01,167.74
3.38,32,110.39,12.51,5.08,0.97,0,0.01,145.37
3.38,32,106.77,12.63,4.51,0.95,0,0.01,159.72
3.38,32,106.33,12.14,4.44,0.97,0,0.01,152.91
3.38,32,107.89,11.6,4.09,1,0,0.01,148.16
3.38,32,110.09,12.71,4.95,0.97,0,0.01,163.66
3.38,32,107.77,14.19,6.01,0.92,0,0,0
3.38,21,91.8,10.33,3.32,0.85,0,0.01,169.33
3.38,21,90.49,11.11,4.41,0.92,0,0.01,179.53
3.38,21,92.88,10.58,3.45,0.82,0,0.01,184.22
3.39,21,100.66,11.15,3.9,0.95,0,0,0
3.39,26,99.66,12.08,3.72,0.81,0,0.01,162.9
3.39,26,110.39,11.79,4.96,1,0,0,0
3.39,26,104.1,11.72,4.01,0.96,0,0.01,183.46
3.39,26,99.49,12.76,4.53,0.98,0,0,0
3.39,32,110.19,13.19,5.35,0.98,0,0.01,165.16
3.39,32,110.44,13.26,5.47,0.98,0,0.01,149.81
3.39,32,110,11.28,3.79,0.96,0,0.01,130.57
3.39,32,105.77,12.29,4.99,0.97,0,0.01,153.89
3.39,32,106.33,12.19,4.35,0.96,0,0.01,153.46
3.39,32,109.59,13.03,5.34,0.89,0,0,0
3.39,32,108.09,14.76,6.19,0.87,0,0,0
3.39,32,109,14.24,5.96,0.96,0,0,0
3.39,21,92.72,12.17,4.55,0.92,0,0.01,221.72
3.39,21,94.55,10.99,3.82,0.9,0,0.01,166.96
3.4,32,107.33,11.93,4.09,1.01,0,0.01,134.79
3.41,26,104.99,12.95,4.67,0.99,0,0,0
3.41,26,96.99,12.59,4.72,1.01,0,0,0
3.41,32,108.77,13.17,5.32,0.98,0,0.01,167.39
3.41,32,110.08,11.83,4.56,0.97,0,0.01,150.74
3.41,32,110.29,12.12,4.94,1.02,0,0.01,140.71
3.41,32,107.69,12,4.34,0.95,0,0.01,151.15
3.41,32,105.72,13.65,5.48,1.03,0,0.01,167.05
3.41,32,104.9,12.43,5.18,0.93,0,0,0
3.41,32,105.09,14.44,5.9,0.97,0,0,0
3.41,21,95.55,10.78,3.59,0.92,0,0.01,177.05
3.41,21,103.19,11.61,3.23,0.92,0,0,0
3.41,32,107.55,12,4.21,0.99,0,0.01,152.82
3.41,32,95.4,10.66,4.45,0.99,0,0,0
3.42,21,100.99,11.03,3.86,1.01,0,0,0
3.42,21,102.7,11.11,3.68,0.94,0,0,0
3.42,21,102.5,11.59,3.99,1,0,0,0
3.42,26,104.88,12.32,3.76,0.94,0,0.01,174.92
3.42,26,107.25,11.65,3.51,0.91,0,0.01,175.32
3.42,26,107.49,12.16,3.49,0.91,0,0.01,175.78
3.42,26,104.66,11.67,4.25,1,0,0,0
3.42,26,104.49,12.9,4.91,1.01,0,0,0
3.42,26,106.9,11.53,4.66,0.99,0,0,0
3.42,26,102.59,12.48,4.92,0.98,0,0,0
3.42,26,102.77,12.9,4.42,0.97,0,0,0
3.42,32,112.33,13.26,5.49,1.03,0,0.01,174.03
3.42,32,113.49,12.51,5.49,1,0,0.01,147.5
3.42,32,111.69,13.06,5.46,1.02,0,0.01,165.76
3.42,32,107.29,11.75,3.95,1,0,0.01,147.45
3.42,32,91.39,10.88,4.27,0.94,0,0,0
3.42,32,106.99,12.96,5.64,0.95,0,0,0
3.42,21,89.49,10.36,3.54,0.9,0,0.01,165.56
3.42,21,91.6,10.66,3.52,0.91,0,0.01,152.56
3.42,21,91.89,10.57,3.6,0.87,0,0.01,173.45
3.44,21,100.55,10.48,3.55,0.97,0,0,0
3.44,21,105.33,11.69,3.82,0.94,0,0.01,205.14
3.44,26,99.7,12.62,4.71,0.99,0,0,0
3.44,32,109.89,11.49,4.19,1.01,0,0.01,149.49
3.44,32,109.81,12.42,4.9,1,0,0.01,157.88
3.44,32,104.9,12.55,5.17,0.95,0,0,0
3.44,32,109.99,13.28,5.42,0.88,0,0,0
3.44,32,98.69,14.54,6.25,0.91,0,0,0
3.44,21,101.33,11.33,3.69,0.95,0,0,0
3.44,21,105.37,10.83,4.02,0.96,0,0,0
3.44,21,101.44,11.35,3.66,0.99,0,0.01,230.34
3.44,26,104.12,11.71,3.92,0.98,0,0.01,171.13
3.44,26,106.33,12.62,5.05,0.98,0,0,0
3.44,32,91.09,11.2,4.61,0.98,0,0,0
3.44,32,102.19,11.96,4.95,0.92,0,0,0
3.44,32,110.33,13.56,5.27,0.92,0,0,0
3.44,32,105.39,13.79,5.25,0.93,0,0,0
3.44,32,103.63,14.88,6.12,0.92,0,0,0
3.44,21,95.1,11.81,4.71,0.93,0,0.01,214.54
3.44,26,103.66,11.87,4.14,0.91,0,0.01,194.21
3.45,21,104.77,11.84,3.94,0.93,0,0.01,195.93
3.45,32,108.69,15.5,6.19,1.02,0,0.01,191.43
3.45,21,106.09,10.73,3.54,1,0,0,0
3.45,26,104.21,11.49,3.5,0.94,0,0.01,189.03
3.45,26,111.24,11.45,4.06,0.95,0,0.01,171.25
3.45,26,99,13.57,5.19,0.98,0,0,0
3.45,26,104.08,12.77,4.6,1,0,0,0
3.45,26,104.66,12.05,4.19,0.99,0,0,0
3.45,32,108.89,13.33,5.34,1,0,0.01,164.94
3.45,32,101.36,13.85,5.17,1.04,0,0.01,147.81
3.45,32,106.72,13.43,5.35,0.96,0,0,0
3.45,21,91.9,10.67,3.45,0.9,0,0.01,175.09
3.45,21,89.1,10.46,3.35,0.91,0,0.01,149.73
3.45,21,89.77,11.46,4.85,0.89,0,0,208.69
3.45,21,104.99,11.89,4.26,0.97,0,0.01,249.59
3.45,26,101.54,12.41,4.7,0.97,0,0,0
3.45,32,109.99,13.5,5.42,1.02,0,0.01,149.99
3.45,32,104.39,13.74,5.78,0.94,0,0,0
3.45,21,89.7,11.97,5.18,0.9,0,0.01,191.72
3.47,21,101.5,11.65,3.95,0.94,0,0.01,210.15
3.47,32,110.77,12.81,5.28,1.03,0,0.01,165.86
3.47,32,107.81,12.61,4.94,0.94,0,0,0
3.47,21,89.59,10.55,3.63,0.92,0,0.01,168.79
3.47,21,105.4,11.1,3.84,0.97,0,0,0
3.47,21,96.44,11.72,3.7,0.95,0,0,0
3.47,21,99.88,10.96,3.78,0.94,0,0,0
3.47,26,105.09,12.24,3.55,0.95,0,0.01,193.44
3.47,26,103.9,12.87,3.94,0.97,0,0.01,234.59
3.47,26,103.77,11.75,4.26,0.95,0,0,0
3.47,26,104.55,12.27,4.73,0.98,0,0,0
3.47,32,104.79,12.84,4.37,0.98,0,0.01,157.37
3.47,32,109.77,11.79,4.49,0.96,0,0.01,145
3.47,32,109.37,11.7,4.65,0.99,0,0.01,134.67
3.47,32,102.19,13.22,4.47,0.98,0,0.01,158.01
3.47,32,101.9,12.84,5.86,0.96,0,0,0
3.47,21,91.1,12.02,5.26,0.89,0,0.01,171.09
3.48,26,104.4,12.46,4.7,1.01,0,0,0
3.48,21,105.62,10.9,3.63,0.96,0,0,0
3.48,26,102.77,12.19,3.93,0.94,0,0.01,186.43
3.48,26,105.7,11.49,3.87,0.94,0,0.01,178.91
3.48,26,99.66,12.28,4,0.93,0,0.01,193.2
3.48,26,99.33,12.41,4.37,0.99,0,0,0
3.48,26,102.69,11.96,4.12,1.01,0,0,0
3.48,26,99.6,13.88,5.31,0.97,0,0,0
3.48,32,110.39,12.94,5.11,1.01,0,0.01,167.07
3.48,32,105.19,13.76,6.06,0.93,0,0,0
3.48,32,108.59,13.87,4.83,0.93,0,0,0
3.48,32,104.55,13.04,5.86,0.92,0,0,0
3.48,32,95.1,10.53,4.47,1.02,0,0,0
3.48,32,109.66,14.62,5.86,0.93,0,0,0
3.49,21,106.3,11.47,3.7,1.01,0,0,0
3.49,21,105.37,11.66,3.31,0.95,0,0.01,218.48
3.49,26,98.39,11.9,3.62,0.97,0,0.01,176.07
3.49,32,106.13,12.63,4.65,1.03,0,0.01,141.08
3.49,32,108.77,12.77,4.98,0.99,0,0.01,164.45
3.49,32,91.81,11.19,4.53,1.01,0,0,0
3.49,32,105.7,12.55,5.45,0.95,0,0,0
3.5,32,90.88,11,4.32,1,0,0,0
3.5,26,104.49,12.36,3.75,0.98,0,0.01,194.21
3.5,26,104.55,12.27,3.63,0.96,0,0.01,202.5
3.5,26,98.09,12,3.72,0.95,0,0.01,177.01
3.5,26,98.29,13.56,4.78,1.01,0,0,0
3.5,26,102.5,13.29,4.52,0.98,0,0,0
3.5,26,104.1,12.33,4.6,0.97,0,0,0
3.5,26,102.54,12.58,4.82,1,0,0,0
3.5,32,105.89,14.05,5.4,0.99,0,0.01,169.07
3.5,32,105.09,13.18,4.78,1.02,0,0.01,162
3.5,32,107.55,12.25,4.28,0.96,0,0.01,138.63
3.5,32,107.49,11.95,4.2,0.99,0,0.01,150.24
3.5,32,111.36,13.71,5.9,0.94,0,0,0
3.5,32,107.79,12.81,5.29,0.95,0,0,0
3.5,32,110.19,13.26,6.12,0.95,0,0,0
3.5,32,91.59,11.11,4.33,1.01,0,0,0
3.5,32,108.08,13.82,5.77,0.97,0,0,0
3.5,32,95.19,10.38,4.26,1.01,0,0,0
3.5,21,91.44,10.5,3.85,0.9,0,0.01,154.3
3.5,21,91.69,12.31,4.65,0.92,0,0.01,201.56
3.5,21,89.39,10.37,3.62,0.93,0,0.01,165.54
3.5,26,102.88,13.09,4.86,1.01,0,0,0
3.52,26,106.44,11.53,3.67,0.94,0,0.01,193.8
3.52,26,102.9,12.7,4.84,1.01,0,0,0
3.52,32,110.79,11.52,4.34,1.04,0,0.01,149.28
3.52,32,105.59,11.89,4.92,0.99,0,0,0
3.52,32,105.44,13.62,5.37,0.93,0,0,0
3.52,32,104.4,13.27,5.65,0.98,0,0,0
3.52,21,92.22,11.49,4.24,0.91,0,0.01,198.6
3.52,26,103.77,12.21,3.57,0.96,0,0.01,200.05
3.52,26,101.87,11.3,3.55,0.93,0,0.01,193.84
3.52,26,105.09,12,4.54,1.02,0,0,0
3.52,32,107.33,11.87,3.87,0.98,0,0.01,150.8
3.52,32,109.36,13.14,5.3,1.01,0,0.01,166.33
3.52,32,104.81,13.9,5.05,0.93,0,0,0
3.52,21,84.99,10.08,3.62,0.94,0,0.01,136.12
3.53,21,105.5,11.09,3.55,1.02,0,0,0
3.53,21,101.25,10.79,3.7,0.98,0,0,0
3.53,26,104.33,11.73,4.38,1.01,0,0,0
3.53,26,105.49,12.04,4.61,1.04,0,0,0
3.53,26,106.89,13.03,5.23,1.02,0,0,0
3.53,32,109.19,12.54,4.64,1.01,0,0.01,144.13
3.53,32,110.29,12.65,4.96,1.04,0,0.01,163.18
3.53,32,110.55,13.27,5.61,1.01,0,0.01,154.4
3.53,32,106.6,11.85,4.15,1.01,0,0.01,147.74
3.53,32,109,13.03,4.94,1.02,0,0.01,168.22
3.53,32,91.29,11.03,4.32,1.01,0,0,0
3.53,32,94.99,10.54,4.41,1.01,0,0,0
3.53,32,100.55,12.36,5.45,0.95,0,0,0
3.53,32,106.89,14.83,5.88,1,0,0,0
3.53,21,104.8,10.65,3.81,1.02,0,0,0
3.53,32,111.99,12.74,5.61,1.06,0,0.01,162.13
3.53,32,100.59,12.54,5.31,0.94,0,0,0
3.53,32,107.59,13.11,5.02,0.95,0,0,0
3.53,21,92.89,10.72,3.63,0.94,0,0.01,177.83
3.53,21,88.59,10.48,3.57,0.93,0,0.01,165.8
3.55,26,100.49,13.1,3.34,0.92,0,0.01,197.97
3.55,26,106.5,12.06,4.63,1.01,0,0,0
3.55,32,109.99,12.4,4.8,1.07,0,0.01,159.52
3.55,21,89.44,10.4,3.7,0.86,0,0,209.28
3.55,32,108.49,13.46,5.19,1.03,0,0.01,151.73
3.55,32,99.49,13.64,4.95,1.03,0,0.01,142.85
3.55,32,110.22,12.04,4.29,0.98,0,0.01,157.2
3.55,32,110.19,12.2,4.91,1.06,0,0.01,157.23
3.55,32,104.27,11.6,4.61,1.01,0,0,0
3.55,32,107.39,12.35,5.36,1,0,0,0
3.55,32,95.3,10.58,4.63,1,0,0,0
3.55,32,95.1,10.61,4.39,1.02,0,0,0
3.55,32,107.49,14.34,5.63,0.97,0,0,0
3.55,21,95.55,10.94,3.9,0.93,0,0.01,179.75
3.55,21,95.33,10.8,3.51,0.95,0,0.01,193.03
3.55,26,98.5,12.23,4.09,0.97,0,0.01,181.14
3.56,21,100.99,11.23,3.46,0.98,0,0,0
3.56,32,110.29,12.14,4.86,1.04,0,0.01,156.6
3.56,32,105.69,13.81,5.2,1.03,0,0.01,170.71
3.56,32,107.3,12.05,4.34,1,0,0.01,151.22
3.56,32,108.99,13.23,5.41,0.97,0,0,0
3.56,32,94.89,10.58,4.45,1,0,0,0
3.56,32,107.09,13.73,5.37,0.97,0,0,0
3.56,21,95.39,11,3.86,0.93,0,0.01,187.38
3.56,21,101.44,11.03,3.64,1.02,0,0,0
3.56,26,104.4,12.17,3.78,0.96,0,0.01,191.05
3.56,26,106.21,12.42,4.48,1.06,0,0,0
3.56,26,105.88,12.17,4.83,1.03,0,0,0
3.56,32,110.59,12.3,4.46,1.04,0,0.01,143.19
3.56,32,110.88,13.6,5.49,0.94,0,0,0
3.56,32,94.69,10.59,4.52,1,0,0,0
3.56,32,106.45,13.06,5.47,0.95,0,0,0
3.56,32,104.79,14.34,5.39,0.97,0,0,0
3.56,32,109.59,14.05,5.34,1,0,0,0
3.56,32,105.24,14.53,5.96,0.97,0,0,0
3.56,21,92.32,10.82,3.76,0.93,0,0.01,187.32
3.58,21,104.8,11.39,3.71,0.98,0,0,0
3.58,26,99.33,12.04,3.94,0.95,0,0.01,188.87
3.58,26,99.99,12.28,3.93,0.97,0,0.01,193.82
3.58,26,103.89,12.3,3.7,0.96,0,0.01,192.16
3.58,26,104.24,12.07,4.51,0.99,0,0,0
3.58,32,111.69,12.79,5.58,1.03,0,0.01,162.31
3.58,32,104.79,13.6,5.15,1.06,0,0.01,166.69
3.58,32,100.54,13.93,5.27,1.05,0,0.01,162.21
3.58,32,107.17,13.74,4.96,0.97,0,0,0
3.58,32,90.59,11.1,4.31,1,0,0,0
3.58,32,106.69,14.27,6.06,0.99,0,0,0
3.58,32,106.29,14.54,5.47,0.98,0,0,0
3.58,32,106.7,11.62,3.81,1.01,0,0.01,145.01
3.58,32,110.19,11.86,4.55,1.02,0,0.01,152.85
3.58,32,106.59,12.14,4.54,1.04,0,0.01,151.35
3.58,32,110.69,13.24,5.83,0.98,0,0,0
3.59,26,106.21,12.01,4.21,0.99,0,0,0
3.59,21,97.66,11.42,3.87,0.98,0,0,0
3.59,26,105.77,11.7,4.1,0.99,0,0.01,195.36
3.59,26,109.55,11.72,4.73,1.02,0,0,0
3.59,26,105.29,12.65,4.78,0.98,0,0,0
3.59,26,101.6,12.33,4.27,1.05,0,0,0
3.59,26,100.33,13.03,4.66,1.01,0,0,0
3.59,32,105.88,13.82,5.43,1.06,0,0.01,171.05
3.59,32,109.88,12.73,4.57,1.04,0,0.01,147.29
3.59,32,105.69,13.22,4.79,1.05,0,0.01,163.42
3.59,32,104.99,13.26,4.76,1.02,0,0.01,146.55
3.59,32,109.66,12.55,4.62,1.02,0,0.01,162.91
3.59,32,109.72,12.53,4.5,1.08,0,0.01,144.68
3.59,32,110.66,12.24,4.54,1.04,0,0.01,160.45
3.59,32,104.09,13.09,4.34,1.03,0,0.01,159.36
3.59,32,90.79,11.3,4.3,1.03,0,0,0
3.59,32,101.2,11.18,4.52,0.96,0,0,0
3.59,32,91.54,11.15,4.5,1.01,0,0,0
3.59,21,93.09,10.52,3.49,0.91,0,0.01,153.02
3.59,21,92.39,10.72,3.49,0.97,0,0.01,154.75
3.59,21,91.63,11.44,4.33,0.95,0,0.01,205.85
3.61,32,100.9,12.48,4.64,1,0,0,0
3.61,26,103.89,12.18,3.7,0.97,0,0.01,190.29
3.61,26,104.9,12.46,3.77,0.97,0,0.01,196.54
3.61,26,101.22,12.74,4.32,1.01,0,0,0
3.61,32,107.39,11.81,3.96,1.02,0,0.01,148.34
3.61,32,109.39,12.97,5.16,1.04,0,0.01,165.94
3.61,32,91.35,10.9,4.26,1,0,0,0
3.61,21,90.32,10.63,4,0.99,0,0,216.05
3.61,21,88.69,10.59,3.92,0.96,0,0.01,167.72
3.61,26,106.37,12.61,5.06,1.06,0,0,0
3.61,26,104,13,4.79,1.01,0,0,0
3.61,32,106.5,11.8,4.28,1.07,0,0.01,146.98
3.61,32,110.29,13.19,5.02,1.01,0,0.01,170.11
3.61,32,104.89,14.36,5.79,1.03,0,0,0
3.61,21,90.32,10.38,3.92,0.9,0,0,190.21
3.62,26,104.44,12.15,4.18,1.03,0,0,0
3.63,21,101.44,11.17,3.38,1.02,0,0,0
3.63,26,99.44,12.4,4.23,1.06,0,0,0
3.63,26,98.9,12.79,4.85,0.94,0,0,0
3.63,26,102.37,13.29,4.55,1.01,0,0,0
3.63,26,105.6,12.34,5,1.08,0,0,0
3.63,26,99.89,12.62,4.46,1.05,0,0,0
3.63,32,101.08,13.32,4.57,1.02,0,0.01,155.94
3.63,32,110.36,12.92,5.19,1.08,0,0.01,165.08
3.63,32,99.24,12.44,4.79,1.02,0,0,0
3.63,32,91.53,10.94,4.3,1.08,0,0,0
3.63,32,95.09,10.39,4.28,1.05,0,0,0
3.63,32,98.99,11.84,4.79,1.01,0,0,0
3.63,32,105.89,11.86,4.81,0.97,0,0,0
3.63,32,105,11.84,4.6,0.99,0,0,0
3.63,32,105.17,13.74,5.59,0.97,0,0,0
3.63,21,89.59,10.54,3.64,0.97,0,0.01,180.39
3.63,21,96.74,10.96,3.8,0.95,0,0.01,176.76
3.64,32,110.08,12.49,4.77,1.03,0,0.01,159.21
3.64,32,106.1,12.86,5.13,0.98,0,0,0
3.64,21,92.5,11.98,4.26,0.97,0,0.01,197.88
3.64,26,100.87,13.16,4.74,1.02,0,0,0
3.64,26,104.59,12.39,4.38,1.07,0,0,0
3.64,26,104.26,12.52,4.36,1.03,0,0,0
3.64,32,97.7,13.2,4.97,0.98,0,0,0
3.64,32,104.6,12.65,4.65,0.93,0,0,0
3.64,32,97.72,12.05,4.92,1,0,0,0
3.64,21,95.43,10.85,3.87,0.94,0,0.01,166.34
3.64,21,92.77,10.88,3.88,0.94,0,0.01,189.15
3.65,21,95.1,11.09,3.56,0.92,0,0.01,197.72
3.66,26,101,13.06,4.84,1.04,0,0,0
3.66,32,105.99,13.23,5.21,1.07,0,0.01,162.32
3.66,32,105.36,12.67,4.6,1.07,0,0.01,154.57
3.66,32,111.09,12.6,4.63,1.03,0,0.01,163.71
3.66,32,106.49,13.81,5.34,0.99,0,0,0
3.66,32,107.7,12.61,5.45,1.01,0,0,0
3.66,21,90.09,10.56,3.43,0.95,0,0.01,169.89
3.66,26,98.4,12.53,3.58,1,0,0.01,185.4
3.66,26,104.99,12.37,4.86,1.06,0,0,0
3.66,32,104.99,13.58,5.73,0.97,0,0,0
3.66,32,109.79,14.11,5.39,0.98,0,0,0
3.66,21,93.89,10.95,3.43,0.98,0,0.01,183.59
3.67,32,109.82,13.39,6.13,1.11,0,0.01,200.55
3.67,32,102,11.77,4.31,1,0,0,0
3.67,32,95.44,10.63,4.2,1.01,0,0,0
3.67,26,99.3,11.86,3.86,0.98,0,0.01,177.09
3.67,26,104.49,12.76,4.63,1.03,0,0,0
3.67,26,100.54,12.26,4.56,1.03,0,0,0
3.67,26,106.77,11.89,4.31,1.04,0,0,0
3.67,32,107.66,12.09,4.59,1.02,0,0.01,154.1
3.67,32,109.88,13.13,4.9,1.05,0,0.01,170.89
3.67,32,109.39,12.57,4.34,1.07,0,0.01,144.74
3.67,32,104.24,12.97,4.39,0.97,0,0,0
3.67,32,100.3,11.7,5.33,0.97,0,0,0
3.67,32,90.63,10.89,4.38,1.01,0,0,0
3.67,32,91.19,10.98,4.33,1.01,0,0,0
3.67,32,90.1,10.8,4.52,1.02,0,0,0
3.67,32,95.1,10.64,4.32,1.04,0,0,0
3.67,32,95.17,10.64,4.47,1.03,0,0,0
3.67,21,92.69,10.67,3.65,0.92,0,0.01,176.61
3.67,21,88.29,10.21,3.53,0.98,0,0.01,160.98
3.69,26,99.12,12.11,3.73,0.98,0,0.01,202.15
3.69,32,104.08,13.43,6.18,1.09,0,0.01,174.68
3.69,32,107.29,11.86,4.26,1.1,0,0.01,148.83
3.69,32,105.89,12.48,4.38,1.03,0,0.01,154.57
3.69,32,107.89,13.66,5.72,0.99,0,0,0
3.69,32,101.09,13.39,5.41,1.04,0,0,0
3.69,26,105.49,11.58,3.99,1.09,0,0,0
3.69,26,98.89,12.4,4.42,1.09,0,0,0
3.69,21,96.07,12.25,5.3,1.06,0,0,0
3.69,32,110.79,12.22,4.45,1.04,0,0.01,158.35
3.69,32,87.26,11.94,4.79,1.05,0,0,0
3.69,32,94.99,10.53,4.43,1.09,0,0,0
3.69,32,110,13.97,5.3,1.02,0,0,0
3.7,21,96.77,10.97,3.72,0.93,0,0.01,170.56
3.7,26,110.19,11.86,4.98,1.04,0,0,0
3.7,21,91.07,13.16,5.31,1.11,0,0,0
3.7,32,109.99,12.21,4.49,1.05,0,0.01,159.04
3.7,32,109.49,13,5.26,1.09,0,0.01,166.48
3.7,32,94.79,10.73,4.45,1.06,0,0,0
3.7,32,90.49,10.97,4.35,1.07,0,0,0
3.7,32,108.49,12.4,4.97,0.97,0,0,0
3.7,32,90.99,11.37,4.4,1.08,0,0,0
3.7,32,102.33,12.6,4.89,0.92,0,0,0
3.7,32,101.81,12.28,5.27,1.04,0,0,0
3.7,26,100.36,12.71,3.25,0.99,0,0.01,210.97
3.7,32,109.55,11.66,4.21,1.06,0,0.01,151.2
3.71,26,105.5,12.12,4.63,1.09,0,0,0
3.72,21,98.72,11.4,4.8,1.1,0,0,0
3.72,21,98.26,11.52,5.03,1.12,0,0,0
3.72,32,110.33,12.39,4.57,1.09,0,0.01,143.88
3.72,32,109.39,12.48,4.83,1.06,0,0.01,159.67
3.72,21,103.88,11.34,3.38,1.03,0,0,0
3.72,26,100.45,13.54,4.64,1.05,0,0,0
3.72,26,99.29,12.34,4.53,1.06,0,0,0
3.72,26,103.2,12.95,4.26,1.04,0,0,0
3.72,26,99.7,12.62,4.71,1.08,0,0,0
3.72,32,109.9,13.28,5.98,1.09,0,0.01,182.46
3.72,32,110.12,11.31,4.03,1.03,0,0.01,149.84
3.72,32,109.63,12.83,4.92,1.07,0,0.01,162.83
3.72,32,96.74,12.96,4.66,1.02,0,0,0
3.72,32,91.17,11.17,4.43,1.07,0,0,0
3.72,32,108.19,13.03,5.08,1.03,0,0,0
3.72,32,101.1,12.05,4.55,0.99,0,0,0
3.72,32,91.19,10.94,4.33,1.05,0,0,0
3.72,32,109.49,14.31,6.07,1.01,0,0,0
3.72,21,95.66,10.77,3.4,0.97,0,0.01,193.11
3.72,21,89.25,11.18,3.84,0.96,0,0.01,187
3.73,26,107.69,12.45,4.65,1.08,0,0,0
3.73,32,106.35,12.98,5.42,1.08,0,0.01,172.57
3.73,32,110.54,12.92,4.86,1.09,0,0.01,165.32
3.73,32,110.49,13.42,4.93,1.04,0,0.01,156.09
3.73,32,109.72,12.5,4.81,1.06,0,0.01,158.77
3.73,32,105.99,12.31,4.86,0.99,0,0,0
3.74,32,109.9,12.62,5.05,1.11,0,0.01,160.56
3.74,32,107.09,13.9,5.41,0.99,0,0,0
3.74,21,91.99,10.66,3.48,0.97,0,0.01,192.56
3.75,21,97.91,11.54,4.93,1.09,0,0,0
3.75,32,103.44,12.74,5.35,1.13,0,0.01,164.68
3.75,32,107.89,13.76,5.82,1.09,0,0.01,168.7
3.75,32,101.99,11.61,4.41,0.98,0,0,0
3.75,32,90.7,11.04,4.36,1.01,0,0,0
3.75,32,101.19,12.46,4.63,1.01,0,0,0
3.75,32,94.89,10.53,4.44,1.1,0,0,0
3.75,32,99.1,10.81,4.68,1.02,0,0,0
3.75,32,91.08,10.79,4.6,1.09,0,0,0
3.75,21,94.99,11.21,3.92,0.97,0,0.01,213.01
3.75,21,88.63,11.91,4.43,0.98,0,0.01,181.39
3.75,26,99.2,12.69,3.68,1.02,0,0.01,189.29
3.75,32,108.54,13.03,5.47,1.09,0,0.01,158.99
3.77,26,102.09,12.69,4.53,1.05,0,0,0
3.77,32,107.26,13.02,5.56,1.09,0,0.01,174.52
3.77,32,90.89,10.98,3.9,1.05,0,0,0
3.77,32,110.56,13.21,5.28,0.98,0,0,0
3.77,32,91.59,11.34,4.44,1.07,0,0,0
3.77,32,105,13.36,5.08,0.96,0,0,0
3.77,32,109.19,13.84,5.72,1.01,0,0,0
3.77,26,101.44,12.38,4.48,1.06,0,0,0
3.77,26,105.44,12.3,4.19,1.07,0,0,0
3.77,21,94.58,12.44,5.21,1.11,0,0,0
3.77,32,102.24,11.31,4.11,1.1,0,0.01,138.74
3.77,32,113.49,12.62,5.86,1.09,0,0.01,162.76
3.77,32,110.08,13.37,5.93,1.09,0,0.01,184
3.77,32,105.33,13.55,5.48,1.07,0,0.01,173.02
3.77,32,107.99,13.07,4.66,1.07,0,0.01,165.08
3.77,32,110.99,13.31,5.44,1.01,0,0,0
3.77,32,91.26,10.89,4.03,1.07,0,0,0
3.77,32,101.8,12.79,5.2,1.01,0,0,0
3.77,32,100.19,13.29,5.31,0.97,0,0,0
3.77,32,98.63,12.41,5.22,0.99,0,0,0
3.78,32,110.89,12.59,5.93,1.15,0,0.01,158.65
3.78,32,94.99,10.4,4.26,1.09,0,0,0
3.78,32,91.41,11.17,4.44,1.04,0,0,0
3.78,21,93.54,10.82,3.89,1.03,0,0.01,173.92
3.78,21,94.99,12.1,4.89,1.1,0,0,0
3.78,21,90.54,12.08,4.89,1.09,0,0,0
3.78,32,110.39,12.28,4.8,1.13,0,0.01,158.55
3.78,32,90.79,10.87,4.23,1.06,0,0,0
3.78,32,101.12,12.42,4.63,1.01,0,0,0
3.8,21,96.35,11.28,4.7,1.06,0,0,0
3.8,26,102.44,12.89,4.8,1.08,0,0,0
3.8,21,100.44,11.7,4.93,1.13,0,0,0
3.8,21,93.39,12.41,4.88,1.12,0,0,0
3.8,21,92.9,13.27,5.28,1.09,0,0,0
3.8,21,96.57,12.18,5.18,1.15,0,0,0
3.8,32,105.08,13.34,5.02,1.07,0,0.01,162.36
3.8,32,100,11.52,5.13,1.02,0,0,0
3.8,32,101.49,12.55,5.32,1.01,0,0,0
3.8,32,91.5,11.04,4.15,1.03,0,0,0
3.8,32,106.09,13.77,4.98,1.04,0,0,0
3.81,32,105.55,12.78,5.28,0.97,0,0,0
3.81,32,101.9,12.93,5.49,1.01,0,0,0
3.81,21,100.69,11.71,5.16,1.12,0,0,0
3.81,32,105.36,13.54,5.7,1.1,0,0.01,182.11
3.81,32,98.9,12.23,4.61,1.04,0,0,0
3.81,32,94.9,10.41,4.02,1.05,0,0,0
3.83,26,103.9,12.58,4.6,1.06,0,0,0
3.83,21,90.44,12.16,4.98,1.13,0,0,0
3.83,21,94.08,12.08,4.7,1.12,0,0,0
3.83,32,103.69,12.88,5.43,1.11,0,0.01,151.77
3.83,32,110.26,12.79,5.44,1.11,0,0.01,156.72
3.83,32,110.44,12.47,4.45,1.08,0,0.01,163.02
3.83,32,104.59,12.8,4.55,1.14,0,0.01,156.58
3.83,32,87.81,11.69,4.18,1.07,0,0,0
3.83,32,91.35,11.31,4.1,1.05,0,0,0
3.83,32,104.59,13.51,5.22,0.93,0,0,0
3.83,32,102.27,11.66,5,1.03,0,0,0
3.83,32,108.09,14.11,5.77,1.01,0,0,0
3.83,32,91.08,10.97,4.37,1.07,0,0,0
3.83,32,88.16,11.43,4.24,1.13,0,0,0
3.83,21,94.89,12.29,4.85,0.97,0,0.01,208.25
3.83,21,95.72,12.36,4.98,1.07,0,0,0
3.83,32,100.9,12.74,5.17,1.05,0,0,0
3.83,32,107.69,14.07,5.59,1.04,0,0,0
3.84,21,94.63,12.7,5.06,1.12,0,0,0
3.84,21,93.99,12.03,4.63,1.12,0,0,0
3.84,21,100.08,11.58,5.24,1.15,0,0,0
3.84,32,91.81,11.09,4.31,1.08,0,0,0
3.84,32,95.09,10.49,4.07,1.08,0,0,0
3.84,32,110.26,12.63,4.63,1.14,0,0.01,161.21
3.84,32,109.17,12.35,4.65,1.1,0,0.01,156.05
3.84,32,107.79,13.36,5.02,1.11,0,0.01,168.43
3.84,32,95.2,10.65,4.38,1.13,0,0,0
3.84,32,100.1,12.4,5.63,0.98,0,0,0
3.84,32,102.36,12.24,5.42,1.05,0,0,0
3.86,21,100.08,11.53,5.19,1.13,0,0,0
3.86,21,94.72,12.53,5.01,1.14,0,0,0
3.86,26,98.77,13.14,4.4,1.07,0,0,0
3.86,21,92.15,12.75,5.23,1.11,0,0,0
3.88,26,101.99,11.95,3.96,1.14,0,0,0
3.88,32,111.08,13.02,5.46,1.11,0,0.01,180.79
3.88,32,109.74,12.83,5.75,1.15,0,0.01,170.6
3.88,32,107.9,13.24,5.49,1.1,0,0.01,160.68
3.88,32,105.82,13.17,5.63,1.11,0,0.01,190.08
3.88,32,102.81,13.6,6.04,1.06,0,0,0
3.88,21,94.81,12.34,4.78,1.09,0,0,0
3.89,32,113.44,13.1,5.53,1.13,0,0.01,185.74
3.89,21,90.35,12.06,4.95,1.12,0,0,0
3.89,21,94.17,12.08,4.86,1.15,0,0,0
3.89,32,111.16,13.53,6.71,1.16,0,0.01,205.03
3.89,32,109.54,12.68,5.16,1.12,0,0.01,175.99
3.89,32,90.9,11.23,4.17,1.13,0,0,0
3.89,32,100.3,11.77,4.71,1.02,0,0,0
3.91,21,94.66,12.35,4.91,1.11,0,0,0
3.91,32,109.69,12.88,4.67,1.1,0,0.01,165.24
3.91,32,110.49,12.4,4.81,1.15,0,0.01,173.06
3.91,32,95.3,10.46,4.13,1.09,0,0,0
3.91,21,93.54,12.46,5,1.14,0,0,0
3.92,26,101.54,12.16,4.21,1.16,0,0,0
3.92,26,101.29,12.37,4.7,1.13,0,0,0
3.92,21,93.72,12.03,4.76,1.13,0,0,0
3.92,21,95.91,12.53,5.27,1.19,0,0,0
3.92,21,92.99,12.46,4.62,1.13,0,0,0
3.92,32,104.29,11.18,4.05,1.09,0,0.01,145.83
3.92,32,111.63,13.11,5.53,1.14,0,0.01,209.07
3.92,32,107.17,13.71,5.73,1.15,0,0.01,183.63
3.92,32,109.79,12.87,5.44,1.12,0,0.01,160.57
3.92,32,109.17,13.34,5.66,1.13,0,0.01,163.68
3.92,32,108.81,12.16,5.5,1.16,0,0.01,165.32
3.92,32,102.1,12.1,5.07,1.02,0,0,0
3.92,32,90.8,11.2,4.12,1.07,0,0,0
3.92,32,100.08,12.33,5.22,1.07,0,0,0
3.92,32,98.44,12.72,5.53,1.02,0,0,0
3.94,21,102.62,11.07,3.59,1.13,0,0,0
3.94,21,94.35,12.34,4.73,1.09,0,0,0
3.94,32,104.79,13.34,4.49,1.11,0,0.01,163.5
3.94,32,97.26,11.45,5.06,1.02,0,0,0
3.94,21,95.9,12.43,4.97,1.12,0,0,0
3.94,21,99.89,11.55,5.13,1.16,0,0,0
3.94,32,90.81,10.99,4.35,1.13,0,0,0
3.95,21,91.99,11.47,4.82,1.14,0,0,0
3.95,21,97.66,11.42,4.68,1.09,0,0,0
3.95,21,90.26,12.15,4.66,1.15,0,0,0
3.95,32,102.36,12.21,5.02,1.06,0,0,0
3.95,32,94.9,10.36,4.36,1.09,0,0,0
3.95,32,100.09,12.91,5.11,1.09,0,0,0
3.95,32,94.99,10.56,4.17,1.1,0,0,0
3.95,21,95.6,10.89,3.96,1,0,0.01,185.9
3.95,21,92.54,10.66,3.68,1.02,0,0.01,169.48
3.95,32,113.69,12.55,5.37,1.15,0,0.01,183.93
3.95,32,104.17,11.55,4.38,1.07,0,0,0
3.95,32,89,11.31,4.1,1.11,0,0,0
3.97,32,87.9,11.28,4.39,1.11,0,0,0
3.97,21,91.99,10.63,3.64,1.03,0,0.01,168.04
3.97,49,95.68,11.61,4.37,1.17,0,0,0
3.97,26,105.77,11.7,4.08,1.12,0,0,0
3.97,21,92.24,13.16,4.96,1.17,0,0,0
3.97,32,99.9,10.8,4.34,1.13,0,0.01,131.92
3.97,32,110.99,12.4,5.36,1.18,0,0.01,172.03
3.97,32,108.16,13.26,5.73,1.18,0,0.01,175.9
3.97,32,110.19,13.33,5.57,1.13,0,0.01,171.8
3.97,32,98.26,12.95,4.61,1.09,0,0,0
3.97,32,103.72,12.37,4.82,1.12,0,0,0
3.98,21,97.91,11.9,5.05,1.17,0,0,0
3.98,32,107.49,12.91,5.08,1.11,0,0.01,180.22
3.98,21,95.35,12.11,4.74,1.15,0,0,0
3.98,32,110.79,12.41,5.34,1.16,0,0.01,178.56
3.98,32,101.74,13.39,5.58,1.17,0,0.01,165.15
3.98,32,109.74,13.48,5.8,1.16,0,0.01,179.36
3.98,32,109.66,12.94,5.51,1.2,0,0.01,172.02
3.98,32,94.99,10.39,4.31,1.12,0,0,0
3.99,26,100.9,13.09,4.75,1.12,0,0,0
3.99,21,99.49,11.56,4.82,1.15,0,0,0
3.99,21,95.99,11.49,5.26,1.15,0,0,0
3.99,21,93.53,12.04,4.85,1.14,0,0,0
3.99,21,93.82,11.93,4.89,1.17,0,0,0
3.99,32,107.24,13.73,5.77,1.13,0,0.01,178.51
3.99,32,112.17,13.3,5.63,1.13,0,0.01,165.74
3.99,32,96.99,12.93,5.35,1.08,0,0,0
4,32,100.38,11.47,4.52,1.16,0,0.01,149.72
4,21,94.59,12.24,5.05,1.15,0,0,0
4,21,93.81,12.34,4.68,1.14,0,0,0
4,21,93.49,12.01,4.74,1.14,0,0,0
4,32,108.9,13.26,5.24,1.13,0,0.01,182.88
4,32,113.19,13.89,6.1,1.13,0,0.01,158.81
4,32,108.17,12.98,5.36,1.16,0,0.01,156.02
4,32,113.39,12.55,5.32,1.17,0,0.01,215.61
4,32,103.27,12.35,5.09,1.09,0,0,0
4,32,104.72,11.63,4.2,1.07,0,0,0
4,32,105.79,12.73,4.88,1.03,0,0,0
4,32,104.72,12.99,4.96,1.11,0,0,0
4,32,104.99,12.94,5.5,1.04,0,0,0
4,32,87.99,11.48,4.26,1.07,0,0,0
4,32,103.17,12.17,4.62,1.11,0,0,0
4.02,32,105.27,11.45,5.21,1.16,0,0,0
4.02,21,94.54,12.46,5.08,1.16,0,0,0
4.02,32,110.9,13.14,6,1.16,0,0.01,208.1
4.02,21,86.99,10.23,3.6,1.01,0,0.01,177.89
4.03,32,100.53,11.01,4.31,1.18,0,0.01,143.97
4.03,32,101.08,11.05,4.42,1.1,0,0.01,136.47
4.03,32,107.24,13.71,5.33,1.17,0,0.01,178.19
4.03,32,109.54,13.11,5.28,1.19,0,0.01,166.24
4.03,21,92.83,12,4.63,1.15,0,0,0
4.05,21,92.91,12.1,4.87,1.16,0,0,0
4.05,32,100.72,11.12,4.53,1.05,0,0.01,151.07
4.05,32,102.07,11.28,3.83,1.12,0,0.01,149.63
4.05,32,102.53,12.18,4.74,1.11,0,0.01,162.38
4.05,32,108.49,13.03,5.22,1.18,0,0.01,192.82
4.05,32,111.99,12.41,5.79,1.09,0,0.01,170.44
4.06,21,97.29,11.37,4.4,1.18,0,0,0
4.06,32,107.54,12.78,4.95,1.16,0,0.01,171.82
4.06,32,105.99,12.52,5.32,1.16,0,0.01,156.78
4.06,32,112.54,14.31,6.58,1.15,0,0.01,201.3
4.06,32,108.58,12.66,5.35,1.16,0,0.01,214.21
4.06,32,99.74,10.81,4.05,1.09,0,0.01,129.34
4.06,32,107.89,12.92,4.81,1.15,0,0.01,158.4
4.06,32,108.57,12.8,5.77,1.17,0,0.01,189.51
4.08,21,95.35,12.43,4.9,1.17,0,0,0
4.08,32,105.08,12.59,5.01,1.17,0,0.01,160.36
4.08,21,94.16,12.15,5.02,1.16,0,0,0
4.08,32,104.61,11.53,4.47,1.1,0,0.01,156.81
4.08,32,101.49,11.24,4,1.08,0,0.01,152.24
4.09,21,90.91,13.05,4.69,1.18,0,0,0
4.09,21,94.74,12.38,4.83,1.18,0,0,0
4.09,32,100.66,10.98,3.94,1.14,0,0.01,132.59
4.09,32,104.17,11.7,4.4,1.13,0,0.01,164.54
4.09,32,107.07,13.12,5.41,1.19,0,0.01,170.33
4.09,32,86.44,11.48,4.23,1.1,0,0,0
4.11,32,108.66,11.68,5.35,1.17,0,0,0
4.11,32,91.35,11.32,4.35,1.11,0,0,0
4.11,21,100.09,11.48,4.66,1.16,0,0,0
4.11,32,104.66,11.41,4.59,1.13,0,0.01,143.27
4.11,32,104.58,11.52,5.33,1.15,0,0,0
4.11,32,107.91,11.94,5.5,1.18,0,0,0
4.13,21,94.44,11.28,4.58,1.22,0,0,0
4.13,32,100.32,11.17,4.29,1.12,0,0.01,149.4
4.13,32,104.24,14.07,6.33,1.22,0,0.01,177.73
4.13,32,110.91,13.02,6.03,1.22,0,0.01,191.72
4.14,21,96.49,12.49,5.09,1.2,0,0,0
4.14,32,105.58,11.08,4.67,1.15,0,0,0
4.14,32,101.53,11.51,4.31,1.15,0,0.01,151.97
4.14,32,105.88,13.09,4.85,1.16,0,0.01,188.98
4.14,32,105.26,13.22,5.94,1.23,0,0.01,177.55
4.16,32,101.26,11.27,4.1,1.1,0,0.01,156.95
4.16,32,108.99,13.81,5.78,1.21,0,0.01,177.86
4.16,32,101.25,11.68,4.86,1.14,0,0.01,141.97
4.17,32,105.74,11.44,5.5,1.13,0,0,0
4.17,32,101.66,11.4,4.63,1.11,0,0.01,139.07
4.17,32,99.33,11.02,4.1,1.15,0,0.01,145.98
4.17,32,100.81,11.27,4.6,1.13,0,0.01,138.88
4.17,32,101.33,11.25,4.23,1.08,0,0.01,136.87
4.17,32,105.08,11.39,5.21,1.21,0,0,0
4.17,32,104.26,11.42,4.38,1.14,0,0.01,160.75
4.19,32,104.76,11.15,4.26,1.13,0,0.01,151.88
4.19,32,108.08,12.43,5.29,1.22,0,0.01,171.43
4.19,32,104.26,11.52,4.24,1.12,0,0.01,165.12
4.19,32,103.75,11.41,4.12,1.12,0,0.01,142.01
4.19,32,108.33,11.31,4.92,1.17,0,0,0
4.2,32,101.66,11.34,4.56,1.17,0,0.01,153.71
4.2,32,106.17,11.31,4.19,1.11,0,0.01,146.75
4.2,32,99.16,11.04,4.08,1.13,0,0.01,131.46
4.2,32,104.44,11.46,4.37,1.09,0,0.01,161.44
4.2,32,105.41,11.39,4.37,1.14,0,0.01,160.1
4.2,32,100.53,11.17,3.91,1.22,0,0.01,146.03
4.2,32,108.08,14.19,6.28,1.11,0,0.01,209.14
4.2,21,94.49,11.21,4.45,1.19,0,0,0
4.2,32,107.91,13.61,5.91,1.19,0,0.01,200.25
4.22,32,112.49,13.12,5.59,1.22,0,0.01,178.95
4.22,32,105.16,12.02,5.7,1.14,0,0,0
4.22,32,94.99,11.33,4.38,1.12,0,0.01,143.45
4.22,32,93.3,10.64,4.39,1.16,0,0.01,129.03
4.22,32,102.99,11.42,4.62,1.17,0,0.01,141.11
4.22,32,108.45,11.82,5.63,1.21,0,0,0
4.22,32,108.66,11.48,4.9,1.14,0,0,0
4.23,32,103,11.5,4.58,1.14,0,0.01,157.92
4.23,32,104.63,11.7,5.69,1.18,0,0,0
4.25,32,98.9,11.27,4.38,1.14,0,0.01,153.27
4.25,32,103.68,11.43,5.01,1.19,0,0,0
4.25,32,104.24,11.61,4.51,1.19,0,0.01,161.35
4.27,32,97.77,10.97,4.17,1.19,0,0.01,139.44
4.27,32,101.91,11.16,3.84,1.16,0,0.01,151.64
4.27,32,105.92,11.42,5.14,1.2,0,0,0
4.28,32,102.61,11.51,4.41,1.13,0,0.01,153.5
4.28,32,105.49,11.34,4.98,1.18,0,0,0
4.28,32,104.99,11.82,5.67,1.18,0,0,0
4.28,32,101.16,12.01,4.81,1.13,0,0.01,145.77
4.28,32,106.91,12.67,5.34,1.22,0,0.01,164.16
4.28,21,94.41,12.27,4.91,1.22,0,0,0
4.28,32,97.76,11.2,4,1.14,0,0.01,142.36
4.28,32,101.99,11.36,4.24,1.17,0,0.01,154.46
4.28,32,109.41,11.41,4.98,1.13,0,0,0
4.3,32,104.99,11.39,5.4,1.17,0,0,0
4.3,32,96.32,11.07,4.43,1.18,0,0.01,142.15
4.31,32,102.49,11.06,4.11,1.15,0,0.01,136
4.31,32,108.58,11.18,4.97,1.17,0,0,0
4.31,32,109.99,12.78,5.7,1.26,0,0.01,175.74
4.31,32,109.61,11.82,4.63,1.21,0,0.01,170.06
4.31,32,97.92,11.36,4.28,1.15,0,0.01,144.68
4.31,32,102.68,10.96,4.75,1.18,0,0,0
4.33,32,102.91,11.14,4.16,1.18,0,0.01,152.95
4.33,32,108.84,11.68,5.17,1.17,0,0,0
4.34,21,97.63,11.38,4.88,1.27,0,0,0
4.34,21,94.41,12.05,4.73,1.31,0,0,0
4.34,32,99.38,11.26,4.42,1.19,0,0.01,145.52
4.34,32,105.08,11.51,5.1,1.2,0,0,0
4.36,32,103.92,11.62,4.27,1.13,0,0.01,157.01
4.36,32,105.68,11.55,5.13,1.21,0,0,0
4.36,32,103.33,11.48,4.56,1.17,0,0.01,158.21
4.36,32,105.15,11.2,5.57,1.22,0,0,0
4.36,32,104.61,11.49,4.31,1.21,0,0.01,156.29
4.37,32,107.99,11.56,4.95,1.13,0,0,0
4.38,21,90.08,12.17,4.59,1.27,0,0,0
4.38,32,105.91,11.73,5.56,1.22,0,0,0
4.38,32,98.07,10.71,3.89,1.23,0,0.01,136.48
4.38,32,104.17,11.6,4.49,1.17,0,0.01,163.13
4.39,32,101.3,11.05,4.04,1.22,0,0.01,145.51
4.39,32,107.68,12.11,5.51,1.21,0,0,0
4.39,32,105.76,11.81,5.36,1.21,0,0,0
4.39,32,106.07,11.14,5.22,1.19,0,0,0
4.39,32,109.08,11.73,5.39,1.17,0,0,0
4.41,32,108.18,12.05,5.53,1.19,0,0,0
4.42,32,100.68,11.08,3.9,1.18,0,0.01,145.06
4.44,32,105.76,11.38,5.08,1.16,0,0,0
4.44,32,108.41,11.84,5.14,1.21,0,0,0
4.44,32,105.41,11.12,5.2,1.26,0,0,0
4.44,32,105.3,11.36,5.42,1.27,0,0,0
4.44,32,108.22,11.79,5.52,1.25,0,0,0
4.44,32,101.83,11.33,4.22,1.15,0,0.01,153.76
4.44,32,106.13,11.56,5.3,1.25,0,0,0
4.44,32,103.63,11.35,5.65,1.18,0,0,0
4.45,32,108.22,11.36,4.8,1.25,0,0.01,161.46
4.45,32,108.16,12.04,5.77,1.22,0,0,0
4.45,32,105.07,11.86,5.55,1.25,0,0,0
4.47,32,110.99,11.62,4.46,1.25,0,0.01,169.28
4.47,32,105.91,10.72,4.52,1.21,0,0.01,151.34
4.47,32,105.74,11.46,4.71,1.21,0,0,0
4.48,32,104.99,11.45,5.49,1.17,0,0,0
4.49,32,108.15,11.79,5.06,1.22,0,0,0
4.49,32,103.56,11.34,5.48,1.26,0,0,0
4.49,32,102.99,11.48,4.27,1.21,0,0.01,157.58
4.5,49,92.85,11.88,4.18,1.28,0,0,0
4.52,32,105.3,11.51,5.42,1.26,0,0,0
4.52,32,105.38,11.72,5.59,1.21,0,0,0
4.52,32,105.68,11.22,4.9,1.22,0,0,0
4.52,32,105.41,11.62,5.36,1.2,0,0,0
4.53,49,94.39,11.91,4.31,1.32,0,0,0
4.53,32,107.63,11.39,4.57,1.26,0,0.01,159.19
4.53,32,108.13,11.96,4.8,1.25,0,0.01,182.84
4.53,32,108.45,11.67,5.16,1.26,0,0,0
4.53,32,106.21,11.4,5.37,1.28,0,0,0
4.55,49,94.46,11.85,4.21,1.29,0,0,0
4.55,32,99.99,11.34,4.2,1.25,0,0.01,147.48
4.55,32,106.15,11.04,4.93,1.25,0,0,0
4.56,32,107.76,10.83,4.41,1.28,0,0.01,153.23
4.56,32,105.42,11.55,4.54,1.27,0,0.01,157.85
4.56,32,106.22,11.32,5.08,1.24,0,0,0
4.58,32,106.72,11.32,4.48,1.26,0,0.01,183.04
4.58,32,108.66,12.04,5.57,1.26,0,0,0
4.58,32,102.92,11.49,5.09,1.23,0,0,0
4.58,32,108.38,11.6,5.28,1.23,0,0,0
4.58,32,100.75,11.21,4.04,1.22,0,0.01,150.64
4.58,32,105.58,11.52,5.47,1.2,0,0,0
4.58,32,105.58,11.46,5.43,1.22,0,0,0
4.58,32,107.35,11.8,4.93,1.33,0,0.01,179.12
4.59,49,95.85,11.79,4.27,1.31,0,0,0
4.59,32,109.56,11.48,4.46,1.25,0,0.01,163.02
4.59,49,92.99,11.72,4.01,1.37,0,0,0
4.59,32,104.92,11.08,4.33,1.29,0,0.01,152.59
4.61,32,106.3,11.42,5.15,1.29,0,0,0
4.61,32,102.53,11.33,4.7,1.22,0,0,0
4.61,32,108.91,11.62,4.64,1.24,0,0.01,182.83
4.61,32,100.58,11.16,4.2,1.18,0,0.01,165.27
4.63,32,107.14,11.65,4.53,1.32,0,0.01,200.29
4.63,32,107.16,10.89,4.12,1.24,0,0.01,155.61
4.64,49,94.12,12.01,4.41,1.35,0,0,0
4.64,49,92.84,12.05,4.07,1.31,0,0,0
4.64,49,93.42,12.56,4.59,1.3,0,0,0
4.64,32,106.15,10.92,4.13,1.27,0,0.01,164.9
4.64,32,108.15,11.97,5.09,1.26,0,0,0
4.66,32,108.69,11.2,4.38,1.31,0,0.01,159.83
4.66,32,109.66,11,4.11,1.24,0,0.01,172.49
4.66,32,107.2,11.35,4.56,1.34,0,0.01,169.34
4.66,32,108.38,11.21,4.69,1.28,0,0,0
4.66,32,103.41,11.43,4.63,1.22,0,0.01,177.23
4.67,32,107.77,11.21,4.38,1.35,0,0.01,156.64
4.67,32,108.92,12.01,4.73,1.34,0,0.01,188.88
4.67,49,93.35,12.37,4.28,1.32,0,0,0
4.67,49,92.53,12.19,4.18,1.31,0,0,0
4.67,32,106.7,10.89,4.38,1.28,0,0.01,150.56
4.69,49,95.26,11.05,3.84,1.36,0,0,0
4.69,49,96.24,11.56,4.23,1.4,0,0,0
4.69,49,94.14,11.83,4.03,1.34,0,0,0
4.69,32,108.07,11.15,4.29,1.3,0,0.01,171.46
4.69,32,105.99,11.16,4.37,1.26,0,0.01,167.21
4.69,32,103.2,11.31,4.97,1.27,0,0,0
4.69,32,103.07,11.08,4.96,1.27,0,0,0
4.7,32,105.84,11.62,5.32,1.3,0,0,0
4.72,32,105.45,11.4,5.17,1.26,0,0,0
4.72,32,107.22,11.05,4.4,1.29,0,0.01,171.2
4.72,32,110.07,11.39,4.62,1.3,0,0.01,183.47
4.72,32,105.35,11.11,4.14,1.31,0,0.01,165.46
4.72,32,108.06,10.94,4.34,1.32,0,0.01,167.22
4.72,32,106.42,11.29,5.14,1.29,0,0,0
4.74,49,96.6,11.45,4.18,1.32,0,0,0
4.75,49,96.06,11.63,4.11,1.34,0,0,0
4.75,49,93.22,12.45,4.07,1.36,0,0,0
4.75,49,93.21,12.33,4.53,1.35,0,0,0
4.75,32,107.3,11.76,4.71,1.37,0,0.01,182.3
4.75,32,99.61,10.91,4.13,1.22,0,0.01,141.33
4.75,49,96.43,12.13,4.31,1.34,0,0,0
4.75,49,96.35,11.26,4.1,1.36,0,0,0
4.77,49,95.92,11.71,4.35,1.38,0,0,0
4.77,32,110.16,11.5,4.42,1.34,0,0.01,184.11
4.77,49,93.91,11.91,4.08,1.35,0,0,0
4.78,49,92.99,11.51,3.91,1.32,0,0,0
4.78,32,107.99,11.67,5.05,1.32,0,0,0
4.78,49,95.81,11.42,4.21,1.33,0,0,0
4.78,32,109.34,11.6,4.61,1.33,0,0.01,179.35
4.8,49,93.35,12.58,4.59,1.39,0,0,0
4.8,32,107.61,11.09,4.36,1.34,0,0.01,156.73
4.81,49,96.64,11.39,4.22,1.4,0,0,0
4.81,32,107.45,11.21,4.65,1.32,0,0.01,173.9
4.81,32,106.15,11.21,4.91,1.33,0,0,0
4.81,49,93.06,11.76,3.83,1.34,0,0,0
4.81,32,106.15,11.61,4.38,1.32,0,0.01,161.77
4.83,49,93.86,11.86,4.29,1.46,0,0,0
4.83,32,106.35,10.8,3.99,1.29,0,0.01,148.89
4.83,32,108.06,11.37,4.83,1.35,0,0.01,173.8
4.83,32,104.84,11.7,5.69,1.31,0,0,0
4.83,49,91.46,12.71,4.21,1.37,0,0,0
4.83,32,111.06,11.19,4.24,1.36,0,0.01,161.14
4.84,49,93.42,12.01,4.1,1.39,0,0,0
4.84,49,91.71,12.13,3.88,1.37,0,0,0
4.84,49,95.84,11.4,3.94,1.33,0,0,0
4.84,32,108.06,12.07,4.98,1.3,0,0.01,184.48
4.86,49,95.07,11.8,4.09,1.38,0,0,0
4.86,49,93.52,12.05,4.39,1.35,0,0,0
4.86,49,93.86,11.75,4.02,1.39,0,0,0
4.86,32,108.27,11.05,4.14,1.4,0,0.01,171.28
4.86,49,91.64,12.62,4.32,1.43,0,0,0
4.86,49,93.19,12.25,4.31,1.42,0,0,0
4.86,32,109.24,11.35,4.56,1.3,0,0.01,165.32
4.88,49,93.14,11.91,3.87,1.44,0,0,0
4.88,32,107.91,11.16,4.31,1.3,0,0.01,173.45
4.88,32,107.77,11.46,4.53,1.39,0,0.01,174.6
4.88,32,95.56,11.57,4.66,1.42,0,0,0
4.88,49,95.91,10.98,3.65,1.34,0,0,0
4.89,32,105.7,11.04,4.33,1.37,0,0.01,165.07
4.89,32,108.35,11.47,4.64,1.31,0,0.01,189.87
4.91,32,110.52,11.83,4.75,1.38,0,0.01,181.55
4.91,49,93.07,11.71,3.85,1.43,0,0,0
4.91,32,105.42,11.07,3.99,1.37,0,0.01,164.96
4.91,32,103.71,10.61,4.24,1.33,0,0.01,155.55
4.91,32,106.92,11.24,4.37,1.33,0,0.01,166.93
4.92,32,110.26,11.46,4.79,1.35,0,0.01,191.47
4.92,49,93.06,12.02,4.28,1.47,0,0,0
4.92,49,95.76,11.34,4.07,1.43,0,0,0
4.92,49,94.26,12.63,4.57,1.41,0,0,0
4.92,32,94.37,11.55,4.72,1.43,0,0,0
4.92,32,103.92,11.28,4.78,1.38,0,0.01,177.59
4.94,49,93.64,11.5,3.54,1.34,0,0,0
4.94,32,104.42,11.58,4.47,1.38,0,0.01,188.1
4.94,32,95.87,11.52,4.77,1.38,0,0,0
4.94,49,95.85,11.53,4.21,1.41,0,0,0
4.94,49,92.09,12.02,4.21,1.38,0,0,0
4.95,49,92.49,12.03,3.75,1.37,0,0,0
4.97,49,90.64,12.82,4.49,1.37,0,0,0
4.97,32,109.06,11.16,4.43,1.37,0,0.01,172.08
4.97,32,106.14,11.14,4.57,1.34,0,0.01,173.09
4.98,49,96.14,12.04,4.6,1.51,0,0,0
4.99,32,110.42,11.3,4.46,1.36,0,0.01,176.46
4.99,32,107.53,11.12,4.3,1.33,0,0.01,158.91
4.99,32,109.63,11.53,4.53,1.39,0,0.01,178.82
5,49,94.33,11.37,3.83,1.39,0,0,0
5,32,95.52,11.66,4.74,1.39,0,0,0
5.02,49,92.28,11.46,3.8,1.37,0,0,0
5.02,32,106.93,11.25,4.69,1.39,0,0.01,194.2
5.02,32,94.57,11.47,4.8,1.44,0,0,0
5.03,32,94.66,11.33,4.62,1.45,0,0,0
5.05,49,93.19,11.98,4.42,1.39,0,0,0
5.05,49,95.49,12.21,4.37,1.44,0,0,0
5.05,32,96.28,11.79,4.99,1.44,0,0,0
5.05,32,95.59,11.78,4.74,1.44,0,0,0
5.06,49,93.93,12.49,4.47,1.46,0,0,0
5.06,49,94.25,12.06,4.46,1.5,0,0,0
5.06,49,96.53,10.99,3.79,1.43,0,0,0
5.08,49,93.99,12.26,4.27,1.4,0,0,0
5.08,49,94,12.04,4.33,1.55,0,0,0
5.08,32,94.93,11.42,4.14,1.48,0,0,0
5.08,32,107.76,11.49,4.53,1.37,0,0.01,178.89
5.08,32,108.34,11.55,4.51,1.35,0,0.01,176.96
5.09,49,93.59,12.21,4.75,1.48,0,0,0
5.11,49,95.92,11.69,4.07,1.46,0,0,0
5.11,32,94.44,11.5,4.58,1.49,0,0,0
5.11,49,93.79,12.16,4.49,1.46,0,0,0
5.11,49,93.92,11.8,3.99,1.41,0,0,0
5.11,49,91.19,12.67,4.28,1.42,0,0,0
5.11,32,95.52,11.63,4.93,1.43,0,0,0
5.11,32,95.46,11.53,4.41,1.41,0,0,0
5.12,49,97.28,11.83,4.34,1.54,0,0,0
5.13,32,96.52,11.79,4.81,1.42,0,0,0
5.13,32,91.92,11.23,4.77,1.45,0,0,0
5.13,32,105.13,11.61,4.66,1.4,0,0.01,171.34
5.13,49,93.79,11.68,4.28,1.46,0,0,0
5.13,49,94.19,11.97,4.35,1.48,0,0,0
5.13,32,95.39,11.45,4.76,1.42,0,0,0
5.14,49,96.59,12.35,4.61,1.48,0,0,0
5.14,32,95,11.56,4.88,1.46,0,0,0
5.16,49,91.12,12.08,4.36,1.51,0,0,0
5.16,49,93.64,11.8,3.56,1.46,0,0,0
5.16,49,93.75,11.45,4.04,1.52,0,0,0
5.16,49,95.35,11.04,3.57,1.48,0,0,0
5.16,32,95.52,11.61,4.85,1.46,0,0,0
5.17,49,93.75,11.88,4.21,1.48,0,0,0
5.17,49,93.78,11.78,3.96,1.55,0,0,0
5.19,32,90.29,10.97,4.39,1.46,0,0,0
5.19,49,94.13,12.32,4.45,1.48,0,0,0
5.19,32,94.46,11.41,4.31,1.44,0,0,0
5.19,32,95.46,11.3,4.67,1.45,0,0,0
5.19,32,95.75,11.9,4.64,1.49,0,0,0
5.19,49,93.72,11.72,3.96,1.36,0,0,0
5.2,49,93.66,12.17,4.53,1.52,0,0,0
5.2,49,93.85,12.49,4.36,1.44,0,0,0
5.2,32,95.28,11.6,4.56,1.45,0,0,0
5.2,32,96.39,11.56,4.57,1.43,0,0,0
5.2,49,94.25,11.57,4.11,1.58,0,0,0
5.2,49,95.83,11.04,3.88,1.51,0,0,0
5.22,32,95.79,11.53,4.79,1.48,0,0,0
5.22,32,95.78,11.54,4.73,1.49,0,0,0
5.22,49,94.62,11.8,4.17,1.48,0,0,0
5.22,32,95.62,11.95,4.74,1.46,0,0,0
5.22,32,94.62,11.44,4.54,1.47,0,0,0
5.23,49,94.62,11.82,4.24,1.5,0,0,0
5.23,32,95.65,11.85,4.84,1.44,0,0,0
5.23,32,96.5,11.72,4.59,1.5,0,0,0
5.24,49,93.59,11.87,4.26,1.51,0,0,0
5.24,32,108.71,11.4,4.61,1.47,0,0.01,177.63
5.25,32,95.46,11.35,4.7,1.5,0,0,0
5.25,49,93.72,11.93,4.35,1.51,0,0,0
5.25,32,95.06,11.34,4.33,1.35,0,0,0
5.25,32,96.28,11.57,4.88,1.47,0,0,0
5.25,32,95.87,11.47,4.65,1.45,0,0,0
5.25,32,95,11.59,5.01,1.55,0,0,0
5.25,49,93.81,11.53,4.04,1.52,0,0,0
5.27,49,96.46,12.16,4.42,1.56,0,0,0
5.27,49,93.99,11.31,3.88,1.56,0,0,0
5.27,49,93.14,11.56,4.19,1.48,0,0,0
5.27,49,93.79,12.17,4.32,1.54,0,0,0
5.27,32,96.46,11.74,4.7,1.49,0,0,0
5.28,49,93.75,11.99,4.48,1.52,0,0,0
5.28,32,95.4,11.03,4.26,1.51,0,0,0
5.28,49,93.86,11.91,4.37,1.59,0,0,0
5.3,49,94,12.32,4.12,1.6,0,0,0
5.3,49,96.06,11.02,3.88,1.59,0,0,0
5.3,49,96.33,11.51,4.26,1.52,0,0,0
5.3,49,96.66,11.48,4.04,1.5,0,0,0
5.3,49,94.06,11.92,4.06,1.53,0,0,0
5.3,32,94.81,11.68,4.6,1.45,0,0,0
5.3,32,93.5,11.48,4.68,1.52,0,0,0
5.31,49,96.42,11.82,4.16,1.5,0,0,0
5.31,32,93.87,11.16,4.67,1.46,0,0,0
5.31,49,93.52,11.87,4.42,1.59,0,0,0
5.33,49,83.52,11.14,3.5,1.63,0,0.01,116.97
5.33,49,93.87,12.22,4.21,1.52,0,0,0
5.33,32,92.72,11.29,4.81,1.48,0,0,0
5.33,32,95.31,11.41,4.45,1.51,0,0,0
5.33,32,96.19,11.59,4.75,1.5,0,0,0
5.34,49,96.32,11.42,4.2,1.59,0,0,0
5.34,49,97.13,12.06,4.25,1.54,0,0,0
5.34,49,94.5,12.39,4.3,1.51,0,0,0
5.34,49,94.31,11.33,3.98,1.54,0,0,0
5.34,49,93.86,11.88,4.36,1.59,0,0,0
5.34,32,95.62,11.67,4.58,1.52,0,0,0
5.34,32,94.64,11.25,4.62,1.47,0,0,0
5.36,49,93.93,11.41,3.86,1.52,0,0,0
5.36,32,96.18,11.72,4.52,1.48,0,0,0
5.36,49,94.25,12.05,4.28,1.52,0,0,0
5.36,32,95.62,11.61,5.13,1.53,0,0,0
5.37,49,93.68,11.68,4.04,1.61,0,0.01,125.13
5.38,49,94.93,12.68,4.48,1.57,0,0,0
5.38,49,91.31,12.42,4.37,1.54,0,0,0
5.38,32,95.74,11.78,4.82,1.48,0,0,0
5.38,32,96.06,11.77,5.06,1.52,0,0,0
5.38,32,95.73,11.49,4.35,1.51,0,0,0
5.38,32,97.06,11.6,4.49,1.54,0,0,0
5.38,32,91.29,11.21,4.65,1.58,0,0,0
5.39,32,95.64,11.57,4.19,1.53,0,0,0
5.41,49,93.92,11.89,4.16,1.61,0,0,0
5.41,49,96,11.37,4.25,1.6,0,0,0
5.41,32,95.12,11.51,4.7,1.54,0,0,0
5.42,49,94.12,11.65,4.15,1.59,0,0,0
5.42,49,93.79,11.95,3.94,1.54,0,0,0
5.42,32,95.84,11.73,4.64,1.51,0,0,0
5.42,32,95.39,11.53,4.9,1.5,0,0,0
5.44,49,93.75,11.44,3.89,1.58,0,0.01,121.02
5.44,49,95.99,11.77,4.31,1.6,0,0,0
5.44,32,96.19,11.43,4.42,1.53,0,0,0
5.44,49,94.06,12.26,4.4,1.62,0,0,0
5.45,49,93.79,11.87,4.07,1.53,0,0,0
5.45,49,94,11.89,4.23,1.6,0,0,0
5.45,49,93.93,11.71,4.07,1.46,0,0,0
5.47,49,91.7,11.75,3.81,1.66,0,0.01,149.81
5.48,49,96.21,11,3.81,1.55,0,0,0
5.48,49,96.11,11.24,3.91,1.62,0,0.01,121.83
5.48,49,93.7,11.95,4.22,1.63,0,0.01,154.19
5.48,49,94.75,12.24,4.58,1.59,0,0,0
5.49,49,93.28,12.24,4.4,1.57,0,0,0
5.49,49,93.81,11.99,4.19,1.61,0,0,0
5.49,32,95.87,11.77,4.77,1.55,0,0,0
5.5,49,95.75,11.59,4.17,1.62,0,0.01,118.17
5.5,49,94.18,11.92,4.16,1.55,0,0,0
5.5,49,96.59,12.03,4.33,1.59,0,0,0
5.5,49,95.39,11.39,4.17,1.56,0,0,0
5.5,49,93.93,12.27,4.61,1.64,0,0,0
5.5,49,93.75,12.14,4.42,1.58,0,0,0
5.52,49,94.11,11.82,4.27,1.56,0,0,0
5.52,32,95.06,11.36,4.63,1.52,0,0,0
5.52,32,95.06,11.35,4.73,1.58,0,0,0
5.52,32,96,11.87,4.74,1.56,0,0,0
5.52,32,95.53,11.59,4.79,1.55,0,0,0
5.52,32,94.78,11.31,4.47,1.56,0,0,0
5.52,32,94.81,11.59,4.16,1.55,0,0,0
5.53,49,96.66,11.5,3.9,1.57,0,0,0
5.53,49,96.19,11.26,4.04,1.59,0,0,0
5.55,32,94.52,11.52,4.74,1.56,0,0,0
5.56,49,93.39,12.01,4.28,1.59,0,0,0
5.56,49,95.72,11.46,4.24,1.61,0,0,0
5.56,32,94.99,11.64,4.83,1.57,0,0,0
5.56,49,93.71,12.09,4.29,1.67,0,0.01,145.7
5.56,32,94.68,11.49,4.68,1.52,0,0,0
5.58,49,92.52,12.27,4.28,1.64,0,0,0
5.58,32,95.87,11.57,4.66,1.54,0,0,0
5.59,49,92.23,11.89,4.21,1.6,0,0,0
5.61,49,93.88,12.14,4.05,1.6,0,0.01,128.59
5.61,32,92.45,11.28,4.67,1.48,0,0,0
5.63,49,93.93,11.4,3.75,1.71,0,0.01,135.07
5.63,49,93.5,11.25,3.61,1.67,0,0.01,128.79
5.64,49,93.87,11.63,3.97,1.61,0,0.01,139.51
5.64,49,93.64,10.96,3.86,1.61,0,0.01,130.92
5.64,49,90.92,11.99,4.05,1.62,0,0.01,134.5
5.66,49,93.78,11.63,4.13,1.68,0,0.01,134.54
5.66,49,95.73,11.35,3.65,1.61,0,0.01,156.79
5.66,49,95.92,11.53,4.26,1.7,0,0.01,129.01
5.66,49,93.62,12.26,3.98,1.63,0,0,0
5.67,49,93.68,11.32,3.88,1.72,0,0.01,119.07
5.69,49,93.62,11.81,4.03,1.72,0,0.01,124.34
5.69,49,91.7,11.72,3.94,1.67,0,0.01,141.02
5.69,49,94.11,11.74,4.11,1.61,0,0,0
5.69,49,93.93,11.61,3.89,1.69,0,0.01,130.92
5.69,49,94.18,12.32,4.31,1.64,0,0,0
5.7,49,96.12,11.71,4.5,1.62,0,0,0
5.7,49,93.52,11.42,3.66,1.66,0,0.01,139.15
5.72,49,95.64,10.89,3.69,1.66,0,0.01,116.38
5.72,49,93.7,11.48,3.81,1.66,0,0.01,137.5
5.74,49,95.87,11.42,3.91,1.62,0,0.01,153.6
5.75,49,94,11.37,3.64,1.65,0,0.01,138.3
5.75,49,93.56,11.75,4.18,1.68,0,0.01,133.6
5.75,49,93.93,11.63,3.73,1.66,0,0.01,143.62
5.77,49,93.76,11.26,3.7,1.69,0,0.01,134.93
5.78,49,94.05,11.74,4.03,1.74,0,0.01,133.65
5.8,49,94.21,11.6,3.82,1.72,0,0.01,130.99
5.8,49,94.34,11.49,3.65,1.71,0,0.01,128.78
5.83,49,91.66,12.05,4.36,1.74,0,0.01,136.68
5.84,49,94.05,11.57,3.81,1.71,0,0.01,123.08
5.84,49,80.81,11.65,3.41,1.75,0,0.01,113.83
5.84,49,93.86,11.44,3.75,1.76,0,0.01,133.31
5.86,49,80.99,11.64,3.63,1.75,0,0.01,118.39
5.86,49,94.37,11.64,3.88,1.76,0,0.01,123.83
5.86,49,94.05,11.7,3.75,1.69,0,0.01,131.24
5.86,49,95.62,10.94,3.74,1.7,0,0.01,147.05
5.86,49,91.66,12.18,4.08,1.72,0,0.01,151.17
5.86,49,91.43,12.43,4.28,1.7,0,0.01,149.43
5.88,49,93.87,11.52,3.66,1.68,0,0.01,138.27
5.88,49,94.34,11.79,4.14,1.66,0,0,0
5.89,49,95.56,11.16,3.87,1.71,0,0.01,129.08
5.89,49,94.12,11.64,3.87,1.73,0,0.01,123.11
5.89,49,94.55,11.6,3.87,1.77,0,0.01,139.47
5.91,49,93.88,11.59,4,1.71,0,0.01,128.99
5.92,49,93.93,11.45,3.73,1.62,0,0.01,128.94
5.92,49,95.89,10.89,3.76,1.81,0,0.01,123.96
5.92,49,94.41,11.94,4.16,1.72,0,0.01,155.22
5.94,49,93.18,11.7,3.87,1.78,0,0.01,122.77
5.94,49,94.05,12.13,4.27,1.7,0,0.01,154.41
5.94,49,93.35,12.06,4.37,1.8,0,0.01,134.27
5.94,49,83.16,10.78,3.2,1.82,0,0.01,102.08
5.94,49,80.46,11.7,3.35,1.81,0,0.01,115.68
5.94,49,96.06,11.77,4.18,1.78,0,0.01,127.9
5.95,49,83.38,10.87,3.29,1.77,0,0.01,100.72
5.95,49,93.7,11.69,3.86,1.72,0,0.01,132.07
5.95,49,93.93,11.86,3.94,1.68,0,0.01,136.46
5.95,49,81.55,11.33,3.41,1.78,0,0.01,112.65
5.97,49,82.99,11.14,3.3,1.75,0,0.01,115.71
5.97,49,93.66,11.12,3.55,1.64,0,0.01,118.09
5.98,49,83.7,10.88,3.07,1.74,0,0.01,118.7
5.99,49,95.7,10.97,3.85,1.74,0,0.01,125.28
6,49,96.11,11.25,3.76,1.72,0,0.01,130.09
6,49,93.75,11.57,3.83,1.72,0,0.01,149.25
6,49,93.99,11.77,3.91,1.82,0,0.01,132.41
6.02,49,92.41,12.27,4.04,1.78,0,0.01,126.78
6.02,49,83.1,11.09,3.31,1.82,0,0.01,126.58
6.02,49,80.29,12.05,3.63,1.76,0,0.01,110.15
6.02,49,95.81,11.18,3.78,1.74,0,0.01,128.65
6.05,49,83.49,11.17,3.27,1.85,0,0.01,106.4
6.05,49,83.52,10.92,3.1,1.84,0,0.01,115.44
6.06,49,96.06,11.93,4.26,1.73,0,0.01,129.15
6.06,49,94.05,11.49,3.72,1.76,0,0.01,131.72
6.09,49,93.99,11.67,3.93,1.76,0,0.01,129.99
6.09,49,80.64,11.89,3.47,1.79,0,0.01,108.74
6.09,49,81.15,11.14,3.35,1.83,0,0.01,119.36
6.09,49,81.66,11.11,3.15,1.83,0,0.01,103.91
6.11,49,83.49,10.89,3.07,1.78,0,0.01,107.51
6.11,49,83.66,11.44,3.4,1.79,0,0.01,113.36
6.11,49,95.87,11.26,3.85,1.8,0,0.01,139.91
6.11,49,81.54,11.4,3.44,1.78,0,0.01,111.29
6.13,49,94.58,11.88,4.03,1.74,0,0.01,125.44
6.13,49,80.61,11.47,3.35,1.79,0,0.01,109.96
6.14,49,79.04,11.13,3.29,1.85,0,0.01,123.47
6.14,49,95.77,11.22,3.81,1.79,0,0.01,128.9
6.16,49,81.99,10.52,3.07,1.79,0,0.01,102.38
6.16,49,95.87,11.73,4.17,1.77,0,0.01,128.41
6.16,49,83.29,11.32,3.35,1.8,0,0.01,114.93
6.16,49,80.7,11.27,3.14,1.89,0,0.01,110.44
6.17,49,80.5,11.19,3.16,1.8,0,0.01,116.21
6.17,49,83.37,11.16,3.13,1.77,0,0.01,111.1
6.17,49,81.46,11.03,3.23,1.86,0,0.01,108.1
6.17,49,81.55,11.34,3.21,1.84,0,0.01,109.76
6.17,49,80.72,11.19,3.27,1.81,0,0.01,107.65
6.19,49,83.46,10.86,3.06,1.88,0,0.01,107.36
6.19,49,93.99,11.3,3.55,1.73,0,0.01,135.86
6.19,49,82.39,11.16,3.24,1.91,0,0.01,112.06
6.2,49,81.72,10.94,3.19,1.91,0,0.01,108
6.2,49,81.38,11.19,3.18,1.81,0,0.01,103.93
6.2,49,80.55,11.51,3.36,1.83,0,0.01,123.74
6.2,49,81.3,11.34,3.32,1.85,0,0.01,114.64
6.2,49,80.66,11.35,3.16,1.82,0,0.01,108.52
6.22,49,80.55,11.87,3.11,1.79,0,0.01,106.27
6.22,49,83.34,10.89,3.18,1.88,0,0.01,108.53
6.23,49,80.99,11.57,3.38,1.81,0,0.01,120.62
6.24,49,83.2,11.38,3.35,1.81,0,0.01,112.9
6.25,49,82.93,11,3.09,1.84,0,0.01,108.7
6.25,49,80.37,11.93,3.39,1.79,0,0.01,109.68
6.25,49,80.88,11.12,3.13,1.82,0,0.01,108.92
6.27,49,83.15,11.17,3.17,1.86,0,0.01,115.36
6.27,49,83.3,10.84,3.01,1.93,0,0.01,117.17
6.27,49,79.36,11.43,3.23,1.83,0,0.01,106.43
6.28,49,83.55,11.21,3.22,1.83,0,0.01,119.12
6.28,49,83.44,11,3.04,1.8,0,0.01,117.16
6.28,49,81.16,11.03,3.04,1.84,0,0.01,110.97
6.28,49,81.22,10.97,2.99,1.9,0,0.01,105.49
6.3,49,81.15,11.02,3.09,1.93,0,0.01,106.11
6.3,49,80.57,11.94,3.57,1.87,0,0.01,109.46
6.3,49,82.88,11.14,3.23,1.83,0,0.01,116.32
6.31,49,81.31,11.74,3.37,1.83,0,0.01,115.08
6.31,49,84.04,10.86,3.09,1.88,0,0.01,113.79
6.31,49,81.72,11.12,3.08,1.87,0,0.01,115.67
6.34,49,80.83,11.74,3.33,1.87,0,0.01,108.95
6.38,49,83.49,11.08,3.01,1.83,0,0.01,108.08
6.39,49,80.6,11.36,3.35,1.87,0,0.01,113.87
6.39,49,81.44,11.18,3.08,1.93,0,0.01,111.4
6.41,49,80.46,11.14,3.2,1.86,0,0.01,116.71
6.41,49,81.09,10.91,3.11,1.85,0,0.01,110.16
6.41,49,82.77,11.29,3.16,1.88,0,0.01,117.33
6.41,49,80.94,11.47,3.21,1.87,0,0.01,109.06
6.44,49,83.04,10.97,3.25,1.9,0,0.01,111.34
6.47,49,80.61,11.32,3.15,1.88,0,0.01,108.06
6.53,49,82.52,11.54,3.44,1.87,0,0.01,114.07
6.55,49,81.17,11.45,3.08,1.88,0,0.01,117.25
6.58,49,80.66,11.34,3.05,1.91,0,0.01,119
6.58,49,83.55,10.93,3.06,1.95,0,0.01,109.38
11.95,21,0,0,1.22,2.46,0,0,0
12.17,21,0,0,1.54,2.73,0,0,0
12.61,21,74.66,11,4.89,2.28,0,0,0
12.81,32,0,0,0,1.52,0,0,0
12.81,32,105.66,11.33,4.58,3.8,0,0,399.14
13.05,32,107.66,13.83,4.63,3.4,0,0.01,156.76
13.14,26,108.33,15.37,5.49,3.47,0,0,0
14.08,49,89.79,13.06,3.64,3.49,0,0,0
14.28,49,96.19,11.3,3.69,3.82,0.01,0,0
14.31,21,103.12,13.36,5,4.02,0.01,0,0
14.58,32,94.88,11.92,4.46,4.09,0,0,0
14.73,32,110.36,13.56,5.4,4.17,0,0.01,138.93
14.8,21,102.62,13.12,5.12,4,0.01,0,0
14.8,21,101.66,11.99,4.35,3.81,0.01,0,0
14.86,21,110.99,12.75,4.27,3.79,0,0.01,178.75
15.02,21,103.62,13.46,4.53,3.71,0.01,0,0
15.02,21,94.86,11.22,3.91,4.24,0,0.01,150.45
15.03,49,98.88,11.71,3.96,4.01,0,0.01,137.13
15.05,21,95.77,11.54,4.16,4.24,0,0.01,156.05
15.11,32,102.87,13.65,5.65,4.19,0.01,0,0
15.17,21,100.66,12.77,4.16,3.83,0.01,0,0
15.95,32,102.22,11.02,5.21,4.28,0,0,0
16.06,21,97.35,11.59,4.7,4.53,0,0,0
16.08,21,102.91,10.83,4.17,4.7,0,0,0
16.19,21,99.99,11.54,4.81,4.74,0,0,0
16.36,21,98.83,11.49,4.76,4.71,0.01,0,0
16.41,21,98.08,11.43,4.22,4.68,0.01,0,0
16.52,21,102.49,11.21,4.25,4.63,0.01,0,0
16.52,26,101.5,12.66,4.32,4.65,0,0.01,153.72
16.53,26,103.64,12.31,4.3,4.75,0,0.01,166.92
16.55,49,80.99,11.47,3.2,4.76,0,0.01,106.69
16.65,26,107.41,11.77,4.07,4.77,0,0.01,175.75
16.66,21,94.22,12.65,4.7,4.62,0.01,0,0
16.75,26,104.41,11.44,4.11,4.33,0,0.01,144.1
16.97,26,107.49,11.35,4.32,4.96,0,0.01,169.28
17.02,32,107.5,11.73,4.76,4.7,0,0.01,143.54
17.04,49,95.39,11.43,4.1,4.99,0.01,0.01,124.21
17.22,26,104.66,14.4,4.69,4.25,0,0.01,158.63
17.31,26,105.87,11.6,4.08,4.92,0,0.01,184.71
17.38,32,108.05,12.26,5.08,4.69,0,0.01,145.27
17.52,32,104.15,12.07,4.95,4.79,0,0.01,151.21
17.72,32,109.11,13.29,5.58,4.79,0,0.01,187.15
17.89,21,105.33,12.67,2.65,4.3,0,0,0
18.05,21,105.57,11.33,4.15,5.01,0.01,0,0
18.13,26,111.99,12.6,2.61,3.65,0,0.01,165.99
18.22,21,101.42,11.73,4.46,5.21,0.01,0,0
18.45,21,121.19,13.78,5.06,4.52,0,0.01,175.8
19.17,21,97.85,12.16,3.61,5.22,0.01,0,0
19.94,32,109.62,12.32,3.97,5.42,0,0.01,153.29
20.06,49,94.36,12.05,3.72,5.38,0.01,0,0
20.3,32,106.71,10.98,4.28,5,0.01,0.01,130.23
